STT,Category,Content
1,Thể thao,"Theo lịch thi đấu và trực tiếp bóng đá hôm nay 7/9, U22 Việt Nam vs U22 Uzbekistan sẽ so tài ở giải tứ hùng diễn ra tại Trung Quốc. Trận đấu giữa U22 Việt Nam vs U22 Uzbekistan diễn ra vào lúc 14h30 chiều nay (theo giờ Việt Nam).
Ở cuộc đọ sức này, U22 Việt Nam bị đánh giá thấp hơn U22 Uzbekistan. Mặt khác, ở trận ra quân, thầy trò HLV Đinh Hồng Vinh cũng không có được kết quả thuận lợi khi thua U22 Trung Quốc với tỉ số 1-2. Trong khi đó, U22 Uzbekistan đã có chiến thắng thuyết phục trước U22 Malaysia.
Trước đối thủ nhỉnh hơn về trình độ, không ngoại trừ khả năng HLV Đinh Hồng Vinh sẽ để U22 Việt Nam chơi phòng ngự phản công trước U22 Uzbekistan, chờ đối thủ mắc sai lầm rồi tung đòn trừng phạt.
VOV.VN - U22 Việt Nam nhận thất bại 0-2 trước U22 Uzbekistan trong lượt trận thứ 2 tại giải giao hữu diễn ra trên đất Trung Quốc vào chiều nay 7/9.
Ngoài trận đấu giữa U22 Việt Nam vs U22 Uzbekistan, lịch thi đấu bóng đá hôm nay còn có trận đấu giữa ĐT Nga vs ĐT Thái Lan diễn ra vào lúc 20h trên sân Mỹ Đình. Bên cạnh đó là các trận đấu ở Nations League 2024/2025."
2,Thể thao,"Rạng sáng 7/9, ĐT Pháp gặp ĐT Italia trong trận đấu đầu tiên ở Nations League. Với những gì 2 đội đã thể hiện ở EURO 2024, ĐT Pháp được đánh giá cao hơn hẳn.
Và thầy trò HLV Deschamps chỉ mất 12 giây để có bàn mở tỷ số. Barcola tận dụng tối đa sai lầm của Di Lorenzo để hạ gục Donnarumma trong pha đối mặt, đưa đội chủ nhà vượt lên.
Bàn thắng này giúp trận đấu trở nên sôi động. Đáng tiếc xà ngang từ chối Retegui trong khi Mbappe không thắng được Donnarumma.
Dần dần, ĐT Pháp nhường thế trận lại cho đối thủ và đó là sai lầm của HLV Deschamps. Phút 30, Tonali có pha chạm bóng ngẫu hứng giúp Dimarco thoải mái băng xuống vuốt bóng tung lưới thủ thành Maignan, gỡ hòa cho đội khách.
Sang đầu hiệp hai, Italia sớm thay đổi người và phát huy tác dụng ngay lập tức., Retegui căng ngang sớm để Frattesi băng vào đá nối cực nhanh giúp đội khách dẫn trước 2-1.
Sau đó, ĐT Pháp dồn lên và dính bẫy phản công của đội khách. Phút 74, Raspadori có nhịp xử lý bóng tinh tế trước khi hạ gục Maignan trong pha đối mặt, ấn định tỷ số 3-1 cho ĐT Italia.
Ở trận đấu đáng chú ý khác, ĐT Bỉ đánh bại ĐT Israel 3-1 nhờ cú đúp của De Bruyne."
3,Thể thao,"CLB Bình Định gây ấn tượng khi giành ngôi Á quân ở V-League 2023/2024. Mặc dù vậy, ở kỳ chuyển nhượng mùa hè 2024, đội bóng của HLV Bùi Đoàn Quang Huy đã thay máu gần như toàn bộ đội hình với 16 cầu thủ ra đi.
Trong số những cầu thủ có đóng góp lớn ở mùa giải 2023/2024 chỉ có Văn Triền còn ở lại. Do vậy, đội chủ sân Quy Nhơn đã phải chiêu mộ rất nhiều cầu thủ mới, đồng thời đôn cầu thủ trẻ lên để thi đấu.
Trong khu gỗ, CLB Bình Định có sự góp mặt của Tuấn Linh, Hoài Anh, Anh Tuấn. Ở hàng hậu vệ, HLV Bùi Đoàn Quang Huy có Luis Angel Salazar Cuesta, Văn Khoa, Bảo Tuấn, Ngọc Tín, Xuân Hưng, Xuân Tân, Xuân Cường, Sỹ Nam, Trọng Hiếu và Hoàng Hùng.
Tuyến tiền vệ của Bình Định ở V-League 2024/2025 gồm có: Hồng Quân, Xuân Quyết, Thanh Tùng, Thành Luân, Văn Triền, Xuân Toàn, Thanh Phong và Thanh Trường. Trên hàng tiền đạo là những cái tên Minh Tuấn, Gia Việt, Hồng Phước, Alves Farias Alisson và Argolo Grabiel Morbeck.
Mùa giải 2023/2024, CLB Bình Định chơi thành công nhờ sự tỏa sáng của bộ 3 ngoại binh, nhưng ở hè 2024 họ đều rời đội bóng. Do vậy, đội chủ sân Quy Nhơn sẽ đặt niềm tin vào 3 ngoại binh Luis Angel Salazar Cuesta, Alves Farias Alisson và Argolo Grabiel Morbeck ở mùa giải năm nay.
Việc thay máu lực lượng khiến HLV Bùi Đoàn Quang Huy gặp khó khăn trong việc ghép đội hình. Không ngoại trừ khả năng đội bóng này sẽ phải cạnh tranh để có thể trụ hạng ở V-League 2024/2025.
Danh sách CLB Bình Định dự V-League 2024/2025
Thủ môn: Tuấn Linh, Hoài Anh, Anh Tuấn.
Hậu vệ: Luis Angel Salazar Cuesta, Văn Khoa, Bảo Tuấn, Ngọc Tín, Xuân Hưng, Xuân Tân, Xuân Cường, Sỹ Nam, Trọng Hiếu, Hoàng Hùng.
Tiền vệ: Hồng Quân, Xuân Quyết, Thanh Tùng, Thành Luân, Văn Triền, Xuân Toàn, Thanh Phong, Thanh Trường.
Tiền đạo: Minh Tuấn, Gia Việt, Hồng Phước, Alves Farias Alisson, Argolo Grabiel Morbeck."
4,Thể thao,"Sáng nay (7/9), Brazil tiếp đón Ecuador trên sân nhà trong khuôn khổ lượt trận thứ 7 vòng loại World Cup 2026 khu vực Nam Mỹ. Dù Ecuador đang có phong độ không cao, nhưng áp lực dành cho Brazil là tương đối lớn vì họ chơi không tốt trong thời gian qua.
Với lợi thế sân nhà, Brazil chủ động dâng cao đội hình dồn ép Ecuador. Tuy nhiên, đội khách đã chơi phòng ngự phản công rất khó chịu khiến Selecao gặp nhiều khó khăn trong việc tiếp cận khung thành của Galíndez.
Mặc dù phòng ngự khá kín kẽ, nhưng Ecuador vẫn không thể tránh khỏi bàn thua. Phút 30, Rodrygo có pha xử lý bóng rất khéo léo trước vòng cấm địa rồi tung cú dứt điểm từ xa khiến thủ môn đội khác bó tay.
Bàn thắng của Rodrygo giúp Brazil dễ đá hơn ở quãng thời gian sau đó. Đặc biệt là trong hiệp 2, đội bóng của HLV Dorival Júnior đã kiểm soát trận đấu và liên tục dồn ép đối phương. Tuy nhiên, Vinicius và các đồng đội đã không thể có thêm bàn thắng.
Chung cuộc, Brazil giành chiến thắng 1-0 trước Ecuador. Với chiến thắng này, Brazil có 10 điểm/7 trận đứng thứ 4 trên bảng xếp hạng. Hiện tại, Brazil đang kém đội dẫn đầu là Argentina tới 8 điểm. Trong khi đó, Ecuador đứng thứ 6 với 8 điểm."
5,Thể thao,"CLB CAHN thi đấu không thành công ở V-League 2023/2024 khi chỉ đứng thứ 6 chung cuộc. Do vậy, đội bóng ngành công an đã hoạt động rất tích cực ở thị trường chuyển nhượng mùa hè 2024.
Đội bóng của HLV Polking đã chiêu mộ nhiều ngoại binh chất lượng như Alan, Domingos Gomes Hugo, Vitor Hugo, Jason Quang Vinh Pendant hay Leo Artur để hiện thực hóa mục tiêu vô địch 3 đấu trường tham dự ở mùa giải năm nay.
Theo danh sách mà Ban tổ chức V-League 2024/2025 công bố thì tất cả những ngoại binh mà CLB CAHN mua về đều được đăng ký thi đấu. Đáng chú ý trong danh sách này, đó là trường hợp của Đoàn Văn Hậu.
Cầu thủ này dính chấn thương nghỉ thi đấu dài hạn, nhưng đang tập hồi phục và có thể trở lại thi đấu ở V-League 2024/2025. Tuy nhiên, do CAHN đã chiêu mộ Jason Quang Vinh Pendant nên Văn Hậu sẽ gặp khó khăn trong việc cạnh tranh suất đá chính.

Theo lịch mà Ban tổ chức công bố, CLB CAHN sẽ đá trận ra quân V-League 2024/2025 tại sân Lạch Tray với Hải Phòng. Trận đấu này diễn ra vào lúc 19h15 ngày 15/9."
6,Thể thao,
7,Thể thao,
8,Thể thao,"Ngày 7/9, LĐBĐVN và Ban tổ chức giải bóng đá giao hữu quốc tế LPBank Cup 2024 thông báo: Do ảnh hưởng của siêu bão Yagi (bão số 3), trận đấu giữa đội tuyển Thái Lan và đội tuyển Nga ngày 7/9/2024 tại SVĐQG Mỹ Đình sẽ không tổ chức. Đội tuyển Nga sẽ về nước theo kế hoạch (rạng sáng ngày 8/9/2024), đội tuyển Thái Lan tiếp tục chuẩn bị trận đấu với đội tuyển Việt Nam vào 20h00 tối ngày 10/9/2024 tại SVĐQG Mỹ Đình- Hà Nội.
Việc trận đấu không thể tổ chức theo kế hoạch là bất khả kháng do ảnh hưởng của siêu bão Yagi (bão số 3), gây ảnh hưởng đến điều kiện thi đấu cũng như không đảm bảo an toàn cho các đội tuyển, người hâm mộ và các thành viên tham dự giải.
LĐBĐVN và Ban tổ chức giải sẽ tiến hành hoàn trả tiền vé cho khán giả mua vé xem trận đấu giữa ĐT Nga và ĐT Thái Lan tại trụ sở LĐBĐVN, thời gian cụ thể thông báo sau.
LĐBĐVN và Ban tổ chức giải mong nhận được sự thông cảm và ủng hộ của khán giả hâm mộ cũng như các bên liên quan đối với quyết định này."
9,Thể thao,"ĐT Nga đã có trận đấu ra quân thành công ở giải giao hữu quốc tế diễn ra tại Mỹ Đình khi đánh bại đội chủ nhà với tỉ số 3-0. Đó là trận đấu mà ĐT Nga ra sân với đội hình không phải mạnh nhất, nhưng vẫn dễ dàng hạ gục đoàn quân của HLV Kim Sang Sik.
Sau chiến thắng trước ĐT Việt Nam, ĐT Nga sẽ đối đầu với đại diện khác ở khu vực Đông Nam Á là ĐT Thái Lan. Theo những gì mà HLV Valeri Karpin tiết lộ, ông sẽ xoay tua đội hình ở trận đấu với ĐT Thái Lan và thủ thành đắt giá nhất của họ là Matvey Safonov sẽ ra sân.
Chia sẻ với truyền thông trước trận đấu, HLV Valeri Karpin cho biết: “Tôi và đội tuyển Nga đã sẵn sàng cho trận này. Mục tiêu của tôi luôn là chiến thắng, dù đá với đối thủ nào. Một số cầu thủ nghỉ trận Việt Nam sẽ so tài với Thái Lan”.
“Đội tuyển Thái Lan cũng có trình độ tương đương Việt Nam. Họ có những cầu thủ tốt. Đội tuyển Nga sẽ chuẩn bị những phương án kiểm soát họ. Tôi không quan tâm cá nhân mà đánh giá đội bóng dựa trên trình độ tập thể về chiến thuật, cách vận hành lối chơi” – HLV Valeri Karpin nhấn mạnh.
Bên kia chiến tuyến, HLV Masatada Ishii của ĐT Thái Lan cho biết: “Tôi đã theo dõi trận đấu và thấy rằng đội tuyển Nga có sức tấn công rất tốt. Do đó, chúng tôi phải chuẩn bị rất kỹ. Dù đội tuyển Nga đá theo cách nào, chúng tôi cũng sẽ cố gắng giữ vững lối chơi của mình”.
Nói về sự vắng bóng của một số cầu thủ ngôi sao, HLV Masatada Ishii chia sẻ: “Tôi muốn xem các cầu thủ thể hiện ra sao. Ở đợt tập trung này, tôi triệu tập nhiều cầu thủ thi đấu ở trong nước, thay vì gọi các ngôi sao ở nước ngoài. Tôi muốn xem cầu thủ trẻ Thái Lan sẽ đá thế nào khi không có đàn anh kinh nghiệm sát cánh bên cạnh. Mục tiêu của tôi ở giải này là các cầu thủ sẽ thể hiện ra sao khi sát cánh cùng nhau. Không có trận nào quan trọng hơn trận nào cả”.
HLV Masatada Ishii đã làm rất tốt công việc của mình từ khi dẫn dắt ĐT Thái Lan, nhưng việc không có được quân số tốt nhất ở giải giao hữu lần này khiến “Voi chiến” hứa hẹn gặp nhiều khó khăn. Có thể nói, trước đối thủ mạnh hơn nhiều như ĐT Nga, ĐT Thái Lan khó lòng gây được bất ngờ.
Theo lịch trận đấu giữa ĐT Thái Lan vs ĐT Nga diễn ra vào lúc 20h tối nay 7/9 (theo giờ Việt Nam)."
10,Thể thao,"Hà Nội FC chỉ cán đích thứ 3 ở V-League 2023/2024, đây là thành tích khó có thể chấp nhận được với một đội bóng giàu tham vọng bậc nhất Việt Nam. Do vậy, ở kỳ chuyển nhượng hè 2024, Hà Nội FC đã thay một loạt ngoại binh. Đội chủ sân Hàng Đẫy ký 4 ngoại binh mới, trong số này có 1 cầu thủ Việt kiều.
Về phần nội binh, bên cạnh việc chiêu một người mới, Hà Nội FC đã gọi lại những cầu thủ đem cho mượn ở mùa giải trước, đồng thời đôn một vài gương mặt trẻ lên.
Nhìn chung đội hình của Hà Nội FC ở mùa giải năm nay có bổ sung nhân sự mới, nhưng để kiểm chứng được sức mạnh thì vẫn phải chờ màn trình diễn của các ngoại binh. Nếu như ngoại binh của đội bóng này chơi không tốt như 2 mùa giải gần nhất, rất khó để họ đua vô địch với các đối thủ."
11,Thể thao,"Tham gia Merdeka Cup 2024, ĐT Philippines không chỉ thử nghiệm chiến thuật mà còn giới thiệu thêm những gương mặt mới. Bjorn Kristensen và Matthew Baldisimo là những cầu thủ mang yếu tố “Phi kiều” mới có trận ra sân đầu tiên cho ĐT Philippines trong trận đấu với ĐT Malaysia.
Bjorn Kristensen được sinh ra tại Na Uy và có mẹ là người Philippines. Vì vậy, cầu thủ này có thể thi đấu cho ĐT Na Uy hoặc Philippines. Cầu thủ sinh năm 2002 có thể thi đấu ở vị trí tiền đạo hoặc dạt cánh, từng thi đấu cho U20 Na Uy.
Dưới thời HLV Tom Saintfiet, Kristensen đã nhận được liên hệ từ phía LĐBĐ Philippines. Sau thời gian cân nhắc, cầu thủ này quyết định khoác áo ĐT Philippines và có trận ra mắt khi gặp ĐT Malaysia.
Cài tên thứ hai Matthew Baldisimo có cha mẹ là người Philippines và được sinh ra ở Canada. Cầu thủ này từng khoác áo U15 đến U17 Canada, có quyền lựa chọn đội tuyển quốc gia giữa Canada và Philippines để thi đấu quốc tế.
Thi đấu ở vị trí tiền vệ trung tâm, con đường lên tuyển Philippines của Matthew Baldisimo khá trắc trở. Năm 2020, cầu thủ này được triệu tập lên ĐT Philippines nhưng đợt tập trung bị hủy bỏ do ảnh hưởng của dịch covid-19. Cầu thủ sinh năm 1998 cũng được triệu tập để chuẩn bị cho vòng loại World Cup 2022 nhưng do vấn đề pháp lý, FIFA chưa cấp phép để cầu thủ này thi đấu cho ĐT Philippines.
Đến AFF Cup 2021, Matthew Baldisimo ban đầu có tên trong danh sách tập trung nhưng sau đó bỏ lỡ do chấn thương. Vì vậy cho đến trận đấu với ĐT Malaysia tại Merdeka Cup 2024, Matthew Baldisimo mới có trận ra sân đầu tiên cho ĐT Phlippines.
Cả hai cầu thủ này nếu thể hiện tốt hoàn toàn có thể tham dự ASEAN Cup 2024 cùng ĐT Philippines. Tại giải đấu này, ĐT Philippines sẽ phải cạnh tranh tấm vé vào bán kết với hai đội được đánh giá mạnh nhất bảng là ĐT Việt Nam và Indonesia."
12,Thể thao,"Giải Billiards Pool 9 bi Thành phố Hồ Chí Minh mở rộng 2024 (Ho Chi Minh City Open 2024) sẽ diễn ra từ ngày 25 – 29/9 tại nhà thi đấu Hồ Xuân Hương (Quận 3, TP.HCM). Đây là giải đấu pool quốc tế có số tiền thưởng lớn nhất trong lịch sử billiards nước nhà với chức vô địch lên đến 35.000 USD (gần 900 triệu đồng).
Bên cạnh vòng chung kết quy tụ các hảo thủ hàng đầu thế giới cũng như những tay cơ top đầu Việt Nam, vòng loại giải Billiards Pool 9 bi Ho Chi Minh City Open 2024 diễn ra từ ngày 20-23/9 tại Trung tâm dịch vụ TDTT (215C Lý Thường Kiệt, Quận 11, TP.HCM) cũng đang nhận được sự chú ý.
Theo đó, với mong muốn “săn” một trong 32 suất góp mặt ở vòng chung kết cùng chức vô địch vòng loại lên đến 5.000 USD (khoảng 130 triệu đồng), vòng loại chứng kiến sự đổ bộ của hàng loạt tên tuổi của làng pool Việt Nam và quốc tế.
Với đại diện của nước chủ nhà, có thể kể đến những tay cơ đã nổi danh như Nguyễn Văn Đãng (Đãng Bắc Ninh), Nguyễn Hoàng Phong, Quách Vĩ Nam, Đỗ Hoàng Quân, Nguyễn Hoàng Minh Tài, Châu Châu Minh, Cao Văn Hào, Tất Duy Kiên, Hồ Sở Phát, Nguyễn Văn Dũng, Nguyễn Phương Thảo…
Dàn cơ thủ tên tuổi của Việt Nam này sẽ phải cạnh tranh với những hảo thủ đến từ nhiều quốc gia có nền billiards pool phát triển như Đài Loan (Trung Quốc), Philippines, Mỹ, Anh, Trung Quốc…
Trong số này có thể kể đến Kuo Po Cheng, tay cơ nổi tiếng người Đài Loan (Trung Quốc) từng 2 lần giành ngôi Á quân 9 bi thế giới các năm 2005 và 2010 cũng như giành HCV Đại hội Thể thao châu Á 2010. Tuyển thủ kỳ cựu người Trung Quốc Fu Jianbo, người từng giành chức vô địch 10 bi thế giới 2010, từng đánh bại nhiều hảo thủ hàng đầu thế giới, trong đó có “hoàng tử” Ko Pin Yi.
Đài Loan (Trung Quốc) gây ấn tượng với cả số lượng lẫn chất lượng của dàn cơ thủ tham dự vòng loại giải Billiards Pool 9 bi Ho Chi Minh City Open 2024. Ngoài Kuo Po Cheng còn có nhiều hảo thủ tài năng đã tạo ấn tượng tại các giải lớn thế giới như Liu Ri Teng, Liu Shao Chiang, Lin Huang Kuei hay Tang Ching Ting.
Cường quốc billiards pool Philippines có sự góp mặt của những gương mặt rất đáng chờ đợi như Richard Tia Alinsub, Seanmark Malayan, Mazon Jundel hay Raymund Faraon. Đây đều là những tài năng nổi trội, liên tục gây “sốt” ở các giải quốc tế thời gian qua, hứa hẹn sẽ là thử thách đáng gờm cho các cơ thủ chủ nhà. Ngoài ra, cũng không thể không kể đến Morris Chang (Anh), Takashi Uraoka (Nhật Bản), Raphael Dabreo (Mỹ)…
Với chất lượng của các cơ thủ trong nước và quốc tế kể trên, vòng loại Ho Chi Minh Open 2024 chắc chắn cũng sẽ diễn ra nảy lửa và kịch tính không kém cạnh vòng chung kết sau đó.
Vòng chung kết Giải Billiards Pool 9 bi Ho Chi Minh City Open 2024 diễn ra từ ngày 25 – 29/9 tại nhà thi đấu Hồ Xuân Hương (Quận 3, TP.HCM).
Nhà vô địch sẽ nhận 35.000 USD (gần 900 triệu đồng). Á quân nhận 13.000 USD (gần 330 triệu đồng). Đồng hạng Ba nhận 5.000 USD. Ngoài ra, top 8 nhận 3.000 USD, top 16 nhận 1.600 USD, top 32 nhận 800 USD và top 64 sẽ nhận 450 USD. Cơ thủ được tính điểm trên bảng xếp hạng của WPA.
Vòng loại Giải Billiards Pool 9 bi Ho Chi Minh City Open 2024 diễn ra từ ngày 20-23/9 tại Trung tâm dịch vụ TDTT (215C Lý Thường Kiệt, Quận 11, TP.HCM).
Nhà vô địch vòng loại nhận 5000 USD (khoảng 130 triệu đồng), á quân nhận 2.000 USD (khoảng 52 triệu đồng). Hai cơ thủ đồng hạng Ba nhận 1.000 USD. Top 8 nhận 400 USD và top 16 nhận 150 USD.
Giải được Liên đoàn Billiards & Snooker Thành phố Hồ Chí Minh (HBSF) tổ chức và được sự tài trợ chính của thương hiệu về Billiards danh tiếng Aplus, cũng như được công nhận bởi 2 tổ chức Billiards danh tiếng là Liên đoàn Billiards Pool thế giới (WPA) và Liên đoàn Billiards Thể thao Châu Á (ACBS)."
13,Thể thao,"Sau trận giao hữu với ĐT Nga, thầy trò HLV Kim Sang Sik sẽ tiếp tục quá trình chuẩn bị cho trận đấu tiếp theo gặp ĐT Thái Lan. Vì vậy, ĐT Việt Nam sẽ tiếp tục ra sân tập luyện vào 10h00 ngày 6/9.
Trước buổi tập, HLV Kim Sang Sik đã có cuộc gặp gỡ tình cờ với một cầu thủ Thái Lan. Đó là Sasalak Haiprakhon, hậu vệ cánh đang thuộc biên chế Buriram United.
Sasalak từng là trò cũ của HLV Kim Sang Sik khi cầu thủ này sang Hàn Quốc thi đấu cho CLB Jeonbuk Huyndai Motors theo dạng cho mượn trong năm 2021. HLV Kim Sang Sik thời điểm đó đang làm HLV trưởng của CLB này.
Đó cũng là mùa giải HLV Kim Sang Sik giúp Jeonbuk Huyndai Motors vô địch K-League 2021. Tuy nhiên, Sasalak có chuyến xuất ngoại không thực sự thành công khi chỉ có 2 trận ra sân cho đội bóng Hàn Quốc
Hai đội tuyển Việt Nam và Thái Lan đều ở cùng một khách sạn nên cầu thủ hay ban huấn luyện hai đội có thể tình cờ gặp nhau. So với trận đấu với ĐT Nga, màn chạm trán giữa ĐT Việt Nam và ĐT Thái Lan được kỳ vọng nhiều hơn.
Lý do bởi cả hai đội tuyển là “kình địch” ở khu vực Đông Nam Á nên những màn đối đầu trực tiếp thường rất hấp dẫn. Ngoài ra do ở cùng trình độ chuyên môn, hai đội được kỳ vọng sẽ tạo ra một trận đấu có thế trận cân bằng hơn so với thế trận một chiều khi gặp đối thủ có trình độ cao hơn hẳn như ĐT Nga.
Trận đấu giữa ĐT Việt Nam và ĐT Thái Lan sẽ diễn ra vào 20h00 ngày 10/9."
14,Thể thao,"Theo thông tin mới nhất từ Trung tâm Dự báo khí tượng thủy văn quốc gia, vào lúc 13h ngày 6/9, vị trí tâm bão số 3 ở vào khoảng 19.7 độ Vĩ Bắc; 111.4 độ Kinh Đông, cách đảo Hải Nam (Trung Quốc) khoảng 45km, cách tỉnh Quảng Ninh khoảng 485km. Sức gió mạnh nhất vùng gần tâm bão cấp 16 (184-201km/h), giật trên cấp 17. Dự báo trong những giờ tới, bão di chuyển theo hướng Tây Tây Bắc, tốc độ khoảng 15-20km/h.
Với hướng đi của bão như hiện tại, khả năng rất cao bão số 3 sẽ đổ bộ vào nước ta và vùng Thủ đô Hà Nội dự kiến cũng bị ảnh hưởng trực tiếp vào ngày mai 7/9.
Theo lịch, trận đấu giữa ĐT Thái Lan và ĐT Nga dự kiến sẽ diễn ra lúc 20h ngày 7/9, đúng thời điểm Hà Nội có thể sẽ có mưa lớn do ảnh hưởng của bão số 3. Đến thời điểm hiện tại, ban tổ chức chưa có thông báo điều chỉnh kế hoạch trận đấu. Nếu không có thay đổi gì, các cầu thủ Nga và Thái Lan nhiều khả năng sẽ chơi bóng trong tình trạng thời tiết cực đoan.
Tối 5/9, trong lúc ĐT Việt Nam thi đấu với ĐT Nga, nhiều khu vực tại Hà Nội đã xuất hiện mưa dông cục bộ. Sân Mỹ Đình cũng đã có mưa to trong khoảng 20 phút."
15,Thể thao,"Theo những thông tin chuyển nhượng V-League mới nhất, CLB Bình Dương đã chiêu mộ thành công đồng đội cũ Neymar là tiền vệ Wellington Nem.
HLV Hoàng Anh Tuấn tiết lộ quá trình đàm phán hợp đồng đã diễn ra từ cuối tháng 8 và đến sáng 6/9, VPF chính thức xác nhận cầu thủ sinh năm 1992 sẽ là thành viên của Bình Dương ở V-League mùa giải 2024/2025. Tại đội bóng đất Thủ, Wellington Nem sẽ mặc áo số 6.
Trong quá khứ. Wellington Nem từng chơi cho những đội bóng hàng đầu Brazil như Fluminense (giai đoạn 2011-2013), Shakhtar Donetsk (Ukraine, giai đoạn 2013-2020, ra sân 47 trận, ghi 9 bàn), Fortaleza (Brazil, 2021), Cruzeiro (Brazil, 2021-2022), Arouca (Bồ Đào Nha, 2022), Vitoria (Brazil, 2022-2023).
CLB gần đây nhất mà Wellington Nem thi đấu là Kisvarda (Hungary). Chi tiết đáng lưu ý là trong quá khứ, Wellington Nem từng 3 lần khoác áo ĐT Brazil năm 2012. Xa hơn nữa, Wellington Nem từng 3 lần khoác áo U17 Brazil, ghi được 1 bàn thắng.
Cùng với Wellington Nem, Bình Dương còn có 1 ngoại binh mới khác là Odilzhon Abdurakhmanov, tuyển thủ Kyrgyzstan. Tiền vệ này đang cùng ĐT  Kyrgyzstan thi đấu vòng loại thứ 3 World Cup 2026 khu vực châu Á."
16,Thể thao,"Đình Bắc là cái tên của U22 Việt Nam được nhắc tới nhiều nhất sau trận thua 1-2 trước U22 Trung Quốc. Đó là trận đấu mà Đình Bắc có cơ hội rất ngon ăn, nhưng lại dứt điểm không tốt nên bỏ lỡ cơ hội định đoạt trận đấu.
Nghiệt ngã cho U22 Việt Nam là sau khi Đình Bắc bỏ lỡ cơ hội ngon ăn, U22 Trung Quốc đã phản đòn và có bàn thắng ấn định chiến thắng 2-1 ở phút 89, qua đó khiến thầy trò HLV Đinh Hồng Vinh trắng tay ngày ra quân.
Khách quan đánh giá, U22 Việt Nam đã có một trận đấu tốt trước U22 Trung Quốc, đặc biệt là hiệp thi đấu thứ 2. Tuy nhiên, khâu kết liễu đối thủ của chúng ta lại không tốt nên đã phải ôm hận.
Tương tự là trường hợp của Đình Bắc, tiền đạo đang khoác áo CLB CAHN đã chơi rất năng nổ trên hàng công, tạo ra nhiều pha bóng sóng gió trước khung thành của U22 Trung Quốc, nhưng do dứt điểm chưa tốt, cộng với kém may mắn nên Đình Bắc chưa thể ghi bàn trên đất Trung Quốc.
Thất bại ở giải đấu giao hữu không phải là điều gì đó quá to tát nên U22 Việt Nam cũng như Đình Bắc cần phải lấy lại tinh thần, sửa sai ở trận đấu với U22 Uzbekistan diễn ra vào lúc 14h30 chiều nay 7/9.
Rõ ràng U22 Uzbekistan là đối thủ mạnh hơn U22 Việt Nam, thậm chí là mạnh nhất trong số 4 đội tham dự giải tứ hùng lần này. Nhưng điều đó không có nghĩa là U22 Việt Nam của chúng ta không thể giành chiến thắng, bởi bóng đá trẻ luôn ẩn chứa những điều bất ngờ.
Dù bị đánh giá yếu hơn, nhưng nếu U22 Việt Nam của chúng ta có đấu pháp hợp lý, biết chắt chiu cơ hội, thầy trò HLV Đinh Hồng Vinh hoàn toàn có thể giành được chiến thắng hoặc chí ít là 1 điểm.
Theo lịch trận đấu giữa U22 Việt Nam vs U22 Uzbekistan diễn ra vào lúc 14h30 chiều nay 7/9 (theo giờ Việt Nam). Báo Điện tử VOV sẽ tường thuật trực tuyến, mời quý độc giả quan tâm theo dõi."
17,Thể thao,
18,Thể thao,"Trận đấu giữa ĐT Nga và ĐT Thái Lan dự kiến diễn ra vào 20h ngày 7/9, đúng thời điểm Hà Nội có thể sẽ có mưa lớn do ảnh hưởng của bão số 3. Nếu không có thay đổi gì, các cầu thủ Nga và Thái Lan nhiều khả năng sẽ chơi bóng trong tình trạng thời tiết cực đoan. Dù vậy, HLV Valeri Karpin của ĐT Nga không quá lo lắng. Ông khẳng định đã có phương án ngay cả khi các cầu thủ có thể phải thi đấu dưới mưa lớn.
Nhà cầm quân 55 tuổi nói: ""Tôi đã nghe về thời tiết thay đổi do ảnh hưởng của bão. Tuy nhiên, tôi không quá lo lắng. Tôi được biết ban tổ chức cũng đã thống nhất với các đội và chuẩn bị sẵn phương án cho trường hợp thời tiết quá khắc nghiệt.
Với ĐT Nga, thi đấu 2 trận trong 3 ngày cũng khiến chúng tôi gặp nhiều thách thức khi chúng tôi chỉ có 1 buổi tập để chuẩn bị cho trận đấu với Thái Lan. ĐT Thái Lan có trình độ tương đương ĐT Việt Nam và có nhiều cầu thủ tốt. ĐT Nga cần có giải pháp để kiểm soát được trận đấu"".
Trận đấu tối mai sẽ là trận cuối của ĐT Nga tại giải giao hữu trên sân Mỹ Đình trong khi với ĐT Thái Lan, đó mới chỉ là trận ra quân. Thầy trò HLV Masatada Ishii sau đó còn màn so tài với ĐT Việt Nam ngày 10/9."
19,Thể thao,"Chiều 6/9 tại trụ sở VFF đã diễn ra buổi họp báo trước trận đấu ĐT Thái Lan gặp ĐT Nga trong khuôn khổ giải giao hữu quốc tế trên sân Mỹ Đình.
Chia sẻ ở buổi họp báo này, HLV Masatada Ishii của ĐT Thái Lan nói: ""Hôm qua, tôi đã xem trận đấu giữa ĐT Việt Nam và ĐT Nga. Tôi nhận thấy ĐT Nga có lối chơi tấn công đa dạng và nguy hiểm.
Bản thân HLV ĐT Nga cũng từng nói rằng sẽ sử dụng nhiều cầu thủ tốt hơn ở trận gặp ĐT Thái Lan nên trận đấu tới sẽ không dễ dàng với chúng tôi. Dù vậy, ĐT Thái Lan cũng có sự chuẩn bị riêng. Chúng tôi sẽ cố gắng hết mình để thể hiện tốt khi gặp đối thủ chất lượng như ĐT Nga.
2 đội tuyển Việt Nam và Thái Lan không được dự vòng loại 3 World Cup 2026 nên chúng tôi có cơ hội để tham dự giải đấu lần này. Đây là dịp để chúng tôi tạo ra cơ hội cho các cầu thủ trẻ. Tôi muốn xem họ thích nghi thế nào với ĐTQG"".
Trận đấu ĐT Thái Lan gặp ĐT Nga dự kiến diễn ra lúc 20h ngày 7/9."
20,Thể thao,"Do vừa trải qua thi đấu trận gặp ĐT Nga tối 5/9 nên buổi tập gần nhất của ĐT Việt Nam chỉ gồm các cầu thủ chưa vào sân thi đấu hoặc có thời lượng thi đấu ít. Các cầu thủ đá chính trong trận đấu với ĐT Nga ở lại khách sạn để nghỉ ngơi và vật lý trị liệu để đẩy nhanh hồi phục thể trạng.
Tại buổi tập sáng nay, HLV Kim Sang Sik cũng đón tin vui khi hậu vệ Hồng Duy đã có thể tham gia tập luyện với các đồng đội. Sự trở lại sau chấn thương của Hồng Duy sẽ giúp nhà cầm quân người Hàn Quốc có thêm sự lựa chọn về nhân sự cho trận đấu với đội tuyển Thái Lan sắp tới.
Chia sẻ trước buổi tập, tiền vệ Tuấn Anh nói: ""Theerathon Bunmathan, Chanathip Songkrasin rất quan trọng với Thái Lan nhưng không có bộ đôi này, họ vẫn còn nhiều cầu thủ xuất sắc khác. Thái Lan luôn có lối chơi rõ ràng dựa trên tinh thần tập thể. ĐT Thái Lan luôn là một đối thủ mạnh với ĐT Việt Nam"".Trận đấu giữa ĐT Việt Nam và ĐT Thái Lan sẽ diễn ra vào lúc 20h ngày 10/9 tới. Tối ngày hôm qua, đội bóng xứ chùa Vàng đã có mặt tại Hà Nội và chiều 6/9 họ sẽ có buổi tập chính thức tại SVĐQG Mỹ Đình để chuẩn bị trận đấu với đội tuyển Nga, diễn ra vào 20 ngày 7/9."
21,Thể thao,"Lịch thi đấu bóng đá Việt Nam nhận về nhiều sự quan tâm với những trận giao hữu của ĐT nữ và U22 Việt Nam. Sau trận giao hữu với RB Leipzig (Đức), ĐT nữ Việt Nam sẽ có hai trận giao hữu với hai CLB của Czech là FK Pardubice (8-9) và Viktoria Plzen (11-9).
U22 Việt Nam tham gia giải đấu giao hữu chất lượng tại Trung Quốc. Trong trận mở màn, U22 Việt Nam đã chơi tốt nhưng không tận dụng được cơ hội và để thua với tỉ số 1-2 trước chủ nhà U22 Trung Quốc
Sau trận đấu này, U22 Việt Nam vẫn còn hai trận giao hữu gặp U22 Uzbekistan (7/9) và U22 Malaysia (10/9).
Trong ngày 6/9, giải VĐQG futsal nữ 2024 sẽ khép lại với vòng đấu cuối cùng. Thái Sơn Nam TP Hồ Chí Minh đã bảo vệ thành công ngôi vô địch sớm một vòng đấu khi nhiều hơn đội đứng sau là CLB TP Hồ Chí Minh khoảng cách 5 điểm.
Ở vòng đấu cuối, Thái Sơn Nam TP Hồ Chí Minh sẽ gặp Hà Nội (15h00), Phong Phú Hà Nam sẽ gặp CLB TP Hồ Chí Minh (17h30).
Giải U15 vô địch quốc gia 2024 cũng sẽ bước vào vòng tứ kết với bốn trận đấu sẽ diễn ra trong hai ngày 7 và 8/9."
22,Thể thao,"Rạng sáng 6/9, UEFA Nations League mùa giải 2024/2025 đã bắt đầu với lượt trận đầu tiên. Trận đấu tâm điểm trong ngày là màn so tài giữa Bồ Đào Nha và Croatia ở League A.
Với sự cổ vũ từ khán đài, các học trò của HLV Robert Martinez nhập cuộc đầy hứng khởi và sớm có được bàn mở tỷ số. Phút thứ 7, Bruno Fernandes sắm vai kiến tạo với pha chọc khe thông minh trong khi Dalot băng xuống dứt điểm như tiền đạo. Bóng xuyên qua 2 chân của thủ thành Livakovic và bay vào lưới.
Tiếp đà hưng phấn, các cầu thủ Bồ Đào Nha có bàn nâng tỷ số lên 2-0 ở phút 34. Nuno Mendes tạt bóng sớm từ bên cánh trái và Cristiano Ronaldo đã băng vào đệm lòng cận thành tung lưới Croatia. Đây là pha ghi bàn đánh dấu lần thứ 900 trong sự nghiệp, CR7 ''xé lưới'' đối phương.
Trong khoảng thời gian còn lại, Croatia dù nỗ lực nhưng cũng chỉ có 1 bàn thắng sau tình huống Dalot đá phản lưới nhà phút 41. Chung cuộc, CR7 và đồng đội thắng trận 2-1.
Ở các trận đấu khác, Tây Ban Nha gây thất vọng khi bị Serbia cầm hòa 0-0. Scotland thua Ba Lan 2-3 trong khi Đan Mạch thắng Thụy Sĩ 2-0. Tại League C, Azerbaijan thua Thụy Điển 1-3, Estonia thua Slovakia 0-1, Belarus hòa Bulgaria 0-0 trong khi Bắc Ireland thắng Luxembourg 2-0.
Ở League D, San Marino thắng Liechtenstein 1-0. Đây là trận thắng đầu tiên sau 20 năm của đội tuyển xếp cuối cùng trên bảng xếp hạng FIFA."
23,Thể thao,"Tối 5/9, ĐT Việt Nam dưới sự dẫn dắt của HLV Kim Sang Sik có trận đấu đầu tiên ở giải giao hữu tam hùng ở sân Mỹ Đình, đối thủ của ĐT Việt Nam là ĐT Nga.
Đại diện châu Âu không vội vã ép sân nhưng luôn gây khó cho các cầu thủ Việt Nam. Mỗi khi ĐT Nga tăng tốc, Thành Chung và các đồng đội ở hàng thủ ĐT Việt Nam luôn bị đặt trong tình trạng báo động.
Sau 90 phút tranh tài, ĐT Nga thắng ĐT Việt Nam 3-0 với các bàn thắng của Kuzyaev, Musaev cùng tình huống phản lưới của Vũ Văn Thanh sau sai lầm từ thủ môn Văn Lâm.
2 đội sẽ còn các trận đấu với ĐT Thái Lan ở lượt trận tiếp theo của giải đấu năm nay."
24,Thể thao,
25,Thể thao,
26,Thể thao,"Trước giải đấu giao hữu ở sân Mỹ Đình, có nhiều nghi ngờ về sức mạnh của ĐT Nga khi đại diện châu Âu không được thi đấu giải chính thức nào trong một thời gian vừa qua. Ngay cả khi toàn thắng trong các trận giao hữu gần đây, ""hình hài"" của ĐTQG Nga vẫn là một dấu hỏi rất lớn.
Dù vậy, những gì ĐT Nga thể hiện trong trận đấu tối 5/9 đã đem đến câu trả lời cho tất cả. Thầy trò HLV Valeri Karpin đã cho thấy họ xứng đáng với vị trí thứ 33 trên bảng xếp hạng FIFA.
Xét về mặt con người, ĐT Nga ra sân đấu ĐT Việt Nam chưa phải là lực lượng tốt nhất. Những ngôi sao sang Việt Nam lần này như Mostovoy, Safonov đều không góp mặt thi đấu trên sân. Vậy mà những cầu thủ trên sân của ĐT Nga vẫn thể hiện sự vượt trội.
Đội bóng đến từ châu Âu không vội vã ép sân nhưng luôn gây khó cho các cầu thủ Việt Nam. Mỗi khi ĐT Nga tăng tốc, các cầu thủ ở hàng hậu vệ ĐT Việt Nam luôn bị đặt trong tình trạng báo động.
Ngoài ra, ĐT Nga cũng có sự đa dạng trong cách tổ chức tấn công. Ngoài bàn thắng thứ 2 đến từ sai lầm của Văn Lâm thì 2 bàn còn lại đến từ 2 phong cách phối hợp khác nhau. Bàn mở tỷ số là pha bóng bổng đặc trưng của đội bóng có ưu thế về thể hình trong khi bàn ấn định tỷ số lại là pha bóng phối hợp theo phong cách ''bật đến tận gôn''.
Những gì ĐT Nga trình diễn tối 5/9 khiến người hâm mộ nhận ra rằng nếu họ thi đấu hết sức và ở thể trạng tốt nhất, đội bóng này còn có thể thắng ĐT Việt Nam đậm hơn.
Ngoài màn trình diễn ''out trình'' của ĐT Nga, một phần nguyên nhân khiến ĐT Việt Nam thua cách biệt ĐT Nga cũng do những thử nghiệm của HLV Kim Sang Sik. Trong một giải đấu mang tính giao hữu, nhà cầm quân người Hàn Quốc đã mạnh dạn đưa ra những thử nghiệm, đặc biệt ở hàng tiền vệ và hàng tiền đạo.
Những cầu thủ còn trẻ tuổi hoặc ít trải nghiệm cấp ĐTQG như Văn Trường, Hai Long đã được trao cơ hội đá chính. Bên cạnh đó, có những thời điểm ông Kim Sang Sik bố trí Hoàng Đức đá cao nhất với mục tiêu tạo ra sức ép ngay lên các hậu vệ ĐT Nga.
Bên cạnh đó, HLV của ĐT Việt Nam cũng sẵn sàng thay đổi những vị trí của các cầu thủ đang thi đấu trên sân. Ví dụ điển hình nhất là việc ông Kim có thời điểm đẩy Thành Chung lên đá cao như một tiền vệ phòng ngự.
Nhìn chung, những thử nghiệm mà ông Kim tạo ra chưa mang lại kết quả thực sự ấn tượng khi đối thủ ở đẳng cấp cao hơn hẳn. Tuy nhiên không phải vì thế mà không có những tín hiệu tích cực.
Những nỗ lực của Vĩ Hào sau khi vào sân trong hiệp 2 hay những tình huống thoát pressing tự tin của Văn Trường trong hiệp 1 là các điểm sáng cần phải nhắc đến của ĐT Việt Nam khi các gương mặt trẻ cần các cuộc đọ sức như thế này để trưởng thành.
Ông Kim Sang Sik không ngần ngại chia sẻ trước trận rằng sẽ sử dụng Văn Lâm trong trận đấu với ĐT Nga. Thủ thành sinh năm 1993 cũng tỏ ra rất quyết tâm khi được so tài với đội bóng nơi anh đã lớn lên và bất đầu học bóng đá.
Tuy vậy, đây là trận đấu Văn Lâm chơi không tốt. Những điểm được cho là chưa hoàn thiện của thủ thành này từ trước đến nay đều bộc lộ. Ngoài bàn thua đến từ pha bóng sai lầm, Văn Lâm còn không có được những pha chơi chân đủ tốt ở các thời điểm đồng đội chuyền về hay đối thủ gây áp lực.
Dù vậy, với một thủ môn đã khẳng định được năng lực trong suốt nhiều giải đấu lớn nhỏ cùng ĐT Việt Nam, Văn Lâm chắc chắn biết mình cần phải làm gì để trở lại mạnh mẽ hơn ở các trận đấu tiếp theo, nhất là khi HLV Kim Sang Sik lúc này còn có thể sử dụng một Filip Nguyễn cũng ở đẳng cấp cao.
"
27,Thể thao,"Lịch thi đấu và trực tiếp bóng đá hôm nay 6/9 sẽ có những màn đối đầu kịch tính trong các trận đấu theo lịch FIFA Days, cũng như U20 World Cup nữ 2024. Hai đội tuyển Mauritius và Syria sẽ gặp nhau vào lúc 21h00 (theo giờ Việt Nam).
U20 World Cup nữ 2024 cũng nhận được sự quan tâm khi hai đại diện của bóng đá châu Á là U20 nữ Nhật Bản và U20 nữ Triều Tiên ra sân thi đấu. Cả hai đội đều giành chiến thắng đậm ở lượt trận đầu tiên nên nhận được sự kỳ vọng của người hâm mộ.
U20 nữ Nhật Bản sẽ gặp U20 nữ Ghana, trong khi U20 nữ Triều Tiên gặp U20 nữ Costa Rica. Cả hai trận đấu đều diễn ra vào lúc 5h00.
Vòng loại World Cup 2026 cũng có những trận đấu hấp dẫn. ĐT Argentina sẽ có trận đấu với đối thủ nhiều duyên nợ là Chile trong khuôn khổ khu vực châu Mỹ vào lúc 7h00.
Khu vực châu Đại Dương cũng có hai trận đấu rất thú vị. Đó là trận đấu giữa Quần đảo Cooks và Tonga (5h00), trận còn lại giữa American Samoa và Samoa (9h00).
Vòng loại cúp vô địch châu Phi 2025 cũng có loạt trận đấu hấp dẫn diễn ra với 10 trận đấu trong đêm 6/9, rạng sáng ngày 7/9. Các đội bóng mạnh như Ai Cập, Senegal, Bờ Biển Ngà,… đều có những trận đấu quan trọng.
Vòng loại Asian Cup 2025 cũng có một đại diện của Đông Nam Á tham gia trận play-off là Brunei gặp Macau (20h00)."
28,Thể thao,"Kết quả vòng loại thứ 3 World Cup 2026 khu vực châu Á, 9 trận đấu lượt trận đầu tiên đã diễn ra sôi động, hấp dẫn với nhiều diễn biến bất ngờ. Ở bảng C, ĐT Indonesia gây sốc với trận hòa 1-1 trước ĐT Saudi Arabia ngay trên sân khách.
Đại diện Đông Nam Á chủ động nhập cuộc với đội hình thấp và nhường thế trận cho Saudi Arabia trong những phút đầu tiên. Nhưng sau khoảng hơn 10 phút, đội bóng xứ Vạn đảo bắt đầu vùng lên và bất ngờ tìm được bàn thắng mở tỷ số. Phút 19, Oratmangoen xoay sở trong vòng cấm rồi dứt điểm trúng người Al Bulayhi đổi hướng đi vào lưới trong sự bất lực của thủ môn Al Owais.
Sau bàn thắng, Indonesia tổ chức phòng ngự kín kẽ và hóa giải thành công các đợt tấn công của Saudi Arabia. Tuy nhiên, ngay trước giờ nghỉ giải lao, Indonesia bị gỡ hòa theo cách tương tự bàn mở tỷ số. Lần này, Al Juwayr tung cú sút trúng người Verdonk đổi hướng đi vào lưới.
Sang hiệp 2, Saudi Arabia tiếp tục dồn ép Indonesia. Phút 76, Saud đánh đầu hiểm hóc trúng cột dọc. Chưa đầy 1 phút sau, thủ môn Paes xử lý chần chừ trong vòng cấm, trước khi phạm lỗi với Al Brikan khiến Indonesia phải chịu quả phạt đền.
Nhưng trên chấm 11m, thủ môn Paes tự sửa sai cho chính mình khi cản phá thành công cú sút của Al Dawsari. Chưa dừng lại ở đó, thủ môn Paes còn có thêm 2 pha cứu thua rõ ràng vào cuối trận để giúp Indonesia rời sân King Abdullah Sports City của Saudi Arabia với 1 điểm.
Cũng tại bảng đấu này, ĐT Nhật Bản thắng ĐT Trung Quốc với tỷ số khó tin 7-0 trong khi Australia thua sốc Bahrain 0-1 dù được đá trên sân nhà.  Tại bảng A, Uzbekistan thắng Triều Tiên 1-0, Iran hạ Kyrgyzstan với cách biệt tương tự còn Qatar bất ngờ thua UAE 1-3.
Bảng B chứng kiến Iraq là đội duy nhất có 3 điểm với trận thắng Oman 1-0. Hàn Quốc bị Palestine cầm chân 0-0 trong khi Jordan bị Kuwait chia điểm bằng kết quả 1-1."
29,Thể thao,"20h30 tối 5/9, chuyến bay đưa đội tuyển Thái Lan đến sân bay Nội Bài (Hà Nội) đã hạ cánh. Ngay sau đó, thầy trò HLV Masatada Ishii nhanh chóng di chuyển đến khách sạn Grand Plaza để nghỉ ngơi.
Do chặng bay chỉ kéo dài 2 tiếng nên ban huấn luyện và cầu thủ Thái Lan không mệt mỏi mà rất phấn khởi. Các cầu thủ trò chuyện với nhau rất vui khi có mặt tại khách sạn.
Nhà cầm quân người Nhật Bản trực tiếp tham gia vào công đoạn vận chuyển hành lý vào khách sạn. Cả đội xếp thành 2 hàng tạo nên một dây chuyển vận chuyển nhanh các vali cá nhân, thiết bị tập luyện, dụng cụ y tế vào khách sạn.
Đáng chú ý, dù chỉ sang Việt Nam với 22 cầu thủ nhưng ĐT Thái Lan có đến 23 thành viên ban huấn luyện và đội ngũ trợ lý. Điều đó cho thấy sự nghiêm túc với quá trình hậu cần, chuẩn bị cho giải đấu của thầy trò HLV Masatada Ishii.
Theo lịch, ĐT Thái Lan sẽ có buổi tập làm quen sân Mỹ Đình vào chiều nay 6/9, trước khi ra sân gặp ĐT Nga vào lúc 20h tối ngày 7/9."
30,Thể thao,"Trước khi tham gia giải giao hữu với sự góp mặt của ĐT Việt Nam và Thái Lan, HLV Valery Karpin cho biết sẽ sử dụng hai đội hình cho hai trận đấu. Trong trận gặp ĐT Việt Nam, chiến lược gia 55 tuổi đã “cất” cầu thủ đắt giá nhất tuyển Nga là thủ thành Matvey Safonov lên băng ghế dự bị, người bắt chính là Lunev Andrei.
Thủ thành Matvey Safonov nhận được sự chú ý bậc nhất tại ĐT Nga do đang khoác áo CLB nổi tiếng Paris Saint Germain. Trong kỳ chuyển nhượng mùa hè 2024, PSG đã phải chi ra 20 triệu euro để chiêu mộ Safonov, khiến thủ thành 25 tuổi trở thành cầu thủ đắt giá nhất tuyển Nga.
Liên quan đến việc Safonov không ra sân trong trận đấu với ĐT Việt Nam, nhiều thông tin cho rằng đội bóng chủ quản PSG không đồng ý để thủ thành này ra sân. Theo đó, PSG không đồng ý để Safonov thi đấu khi ĐT Nga gặp những đội tuyển có thứ hạng thấp hơn trong bảng xếp hạng FIFA.
Tuy nhiên sau trận đấu với ĐT Việt Nam, HLV Valery Karpin chia sẻ: “Cậu ấy sẽ thi đấu trong trận sau”.
Như vậy theo lời HLV Karpin, thủ thành Safonov sẽ bắt chính trong trận đấu giữa ĐT Nga và ĐT Thái Lan vào ngày 7/9. Nếu điều này xảy ra, những thông tin về việc PSG ngăn cản Safonov ra sân là không chính xác.
Xét về tương quan sức mạnh, ĐT Thái Lan về mặt trình độ được đánh giá ngang tầm với ĐT Việt Nam. Điều đó đồng nghĩa với việc ĐT Nga được đánh giá cao hơn hẳn trong cuộc chạm trán sắp tới."
31,Thể thao,"Giải bóng bàn các cây vợt xuất sắc trẻ, thiếu niên, nhi đồng quốc gia năm 2024 vừa được tổ chức tại tỉnh Cao Bằng, với sự tham gia tranh tài của 255 vận động viên (VĐV) đến từ 23 tỉnh, thành, ngành trên toàn quốc.
Trong đó có một số đơn vị phong trào bóng bàn phát triển mạnh như: CAND – T&T, Quân đội, TP Hồ Chí Minh, Hà Nội, Thanh Hóa, Hải Dương... Nội dung thi đấu gồm: Đơn nam, đơn nữ, đôi nam, đôi nữ và đôi nam nữ, thuộc các lứa tuổi: 22 - 23 tuổi, 19 - 21 tuổi, 16 - 18 tuổi, 14 - 15 tuổi, 12 - 13 tuổi, 10 -11 tuổi, 9 tuổi trở xuống, mỗi lứa tuổi 16 nam, 16 nữ.
Các tay vợt của bóng bàn CAND – T&T tiếp tục có một giải đấu xuất sắc để giành ngôi vị nhất toàn đoàn với tổng cộng 14 HCV, 5 HCB và 4 HCĐ. Xếp vị trí số 2 là đoàn Quân đội, một đơn vị mạnh khác là Hải Dương đứng thứ 3.
Bóng bàn CAND- T&T đã chứng tỏ sự áp đảo ở mức vượt trội ở các nội dung đôi, đồng đội nam – nữ, những nội dung thể hiện rõ nhất cho sức mạnh, nền tảng, chiều sâu lực lượng của một câu lạc bộ bóng bàn được đầu tư bài bản, với 10 trong tổng số 14 huy chương vàng giành được tại giải lần này.
Về mặt cá nhân, Đinh Anh Hoàng, Vũ Mạnh Huy, Trần Mai Ngọc và Hoàng Trà My cùng giành được 4 huy chương vàng. Ngoài ra, tay vợt trẻ đang lên Nguyễn Văn Tuấn Anh (lứa tuổi 15) cũng đóng góp 2 huy chương vàng cho bóng bàn CAND – T&T. Điều này cho thấy sức vươn rất mạnh mẽ của những tay vợt triển vọng của bóng bàn CAND – T&T.
Cuối tháng 5/2024, CLB bóng bàn CAND – T&T được thành lập sau khi Hiệp hội Thể thao CAND Việt Nam và Tập đoàn T&T Group ký kết Biên bản ghi nhớ trong lĩnh vực tuyển chọn và đào tạo VĐV Bóng bàn tham gia thi đấu cho lực lượng CAND.
Tại Giải bóng bàn VĐQG 2024 (Khánh Hòa), CLB bóng bàn CAND – T&T đã giành 2 HCV, 3 HCB, vượt xa chỉ tiêu đặt ra. Trước đây, bóng bàn ngành công an chưa từng giành HC vàng ở giải quốc gia. Tuy nhiên, mối quan hệ hợp tác với T&T Group đã giúp nâng tầm bóng bàn CAND, giúp bóng bàn ngành công an có được thành tích lịch sử.
Tiếp đó, tại Giải bóng bàn trẻ, thiếu niên, nhi đồng toàn quốc 2024 (Đà Nẵng), CLB bóng bàn CAND – T&T đã xuất sắc giành ngôi nhất toàn đoàn với 13 HCV, 7 HCB và 10 HCĐ.
Hồi đầu tháng 8 vừa qua, Tập đoàn T&T Group đã tặng thưởng tới gần 1,5 tỷ đồng để động viên, khích lệ tinh thần, cũng như ghi nhận những cống hiến của HLV Vũ Mạnh Cường cùng các học trò xuất sắc như Đinh Anh Hoàng, Trần Mai Ngọc, Lê Đình Đức…, mức thưởng kỷ lục ở làng bóng bàn Việt Nam.
Mới đây, Tập đoàn T&T Group đã vinh dự được Thượng tướng Lương Tam Quang, Ủy viên Bộ Chính trị, Bí thư Đảng ủy Công an Trung ương, Bộ trưởng Bộ Công an, Chủ tịch Hiệp hội Thể thao CAND Việt Nam trao bảng danh vị nhà đồng hành Kim Cương, ghi nhận những đóng góp tích cực, hiệu quả của tập đoàn cho phong trào thể thao của lực lượng CAND."
32,Thể thao,"Báo chí Uganda và Kenya đưa tin, VĐV Rebecca Cheptegei, chân chạy marathon đại diện Uganda thi đấu tại Olympic Paris 2024 đã qua đời sáng 5/9 tại bệnh viện Moi Teaching & Referral ở Eldoret, Kenya. Chân chạy 33 tuổi qua đời do vết thương quá nặng sau 4 ngày bị bạn trai tấn công bằng xăng. Các bác sĩ chia sẻ rằng Rebecca Cheptegei vào viện trong tình trạng bỏng 75% cơ thể và cô qua đời do nội tạng không còn hoạt động.
Trước đó hôm 1/9, bạn trai của Rebecca Cheptegei, Dickson Ndiema đã lẻn vào nhà cô ở hạt Trans Nzoia, Kenya, khi cô đang đi nhà thờ với các con. Sau khi nữ VĐV 33 tuổi trở về nhà, cả hai xảy ra tranh cãi gay gắt. Cảnh sát xác định Dickson Ndiema đã tưới xăng vào người Cheptegei rồi châm lửa đốt. Chân chạy Uganda được hàng xóm cứu và đưa tới bệnh viện.
Một nhân viên hành chính địa phương nói Cheptegei và bạn trai cũ mâu thuẫn vì miếng đất cô đã mua và xây nhà ở Trans Nzoia. Bố Rebecca Cheptegei - ông Joseph Cheptegei - cũng xác nhận chuyện này, cho biết hai người từng lời qua tiếng lại về mảnh đất trước khi xảy ra vụ việc. Ông Joseph Cheptegei nói thêm con gái và người đàn ông này đã chia tay một thời gian dài, hai đứa trẻ không phải là con của cô với nghi phạm.
Rebecca Cheptegei là VĐV chuyên nghiệp người Uganda. Tại Olympic Paris 2024, cô về thứ 44. Nữ VĐV 33 tuổi giành HCV tại cuộc thi vô địch thế giới leo núi và chạy địa hình ở Chiang Mai, Thái Lan năm 2022."
33,Thể thao,"Theo những thông tin chuyển nhượng V-League mới nhất, cựu cầu thủ HAGL - Nguyễn Duy Kiên đang thử việc tại Hải Phòng FC.
Cầu thủ này từng được đăng ký thi đấu cho đội bóng phố Núi ở mùa giải 2021 và cũng đã từng được gọi lên U23 Việt Nam. Dù vậy sau đó sự nghiệp của cầu thủ trẻ này đã phát triển không như kỳ vọng và anh không thi đấu cho CLB nào ở mùa 2023/2024 trong hệ thống các giải chuyên nghiệp.
Tại Hải Phòng FC, Duy Kiên sẽ có cơ hội tái ngộ với một số đồng đội cũ ở HAGL như Lương Hoàng Nam, Nguyễn Thành Đồng, Triệu Việt Hưng. Đội bóng đất Cảng đang gặp những khó khăn về nhân sự hàng thủ nên khả năng Duy Kiên được đăng ký thi đấu V-League 2024/2025 là không nhỏ.
Hải Phòng FC đã chia tay một số cầu thủ ở mùa Hè vừa qua nhưng HLV Chu Đình Nghiêm cũng kịp bổ sung một vài gương mặt, trong đó có ngoại binh Zé Paulo, cầu thủ cũ của CLB Thanh Hóa. Hải Phòng FC sẽ mở màn mùa giải 2024/2025 bằng cuộc đọ sức trên sân nhà Lạch Tray gặp CLB CAHN vào lúc 19h15 ngày 15/9 tới."
34,Thể thao,"Ngày 4/9, Lê Văn Công đã giành tấm HCĐ tại Paralympic 2024 với mức tạ 171kg. Đây là mức tạ kém hơn nhiều so với kỷ lục của lực sĩ người Việt Nam đã xác lập trước đây.
Tuy nhiên, tấm HCĐ ở Paralympic 2024 là thành tích rất đáng khích lệ khi Lê Văn Công đã vượt qua nhiều khó khăn, trong đó có cả chấn thương để giành được. Do đó, Lê Văn Công đã được thưởng tổng cộng với số tiền 235 triệu đồng.
Sau khi giành được tấm HCĐ tại Paralympic 2024, lực sĩ Lê Văn Công đã viết tâm thư trên trang facebook với nhan đề: “Chiếc HCĐ không của riêng Công”.
Trong bài viết của mình, lực sĩ Lê Văn Công nhấn mạnh: “Ngày hôm qua, Công đã giành được chiếc HCĐ hạng cân 49kg nam tại Paralympic 2024 cho Đoàn thể thao người khuyết tật Việt Nam.
Có thể so với hai kỳ Paralympic trước, đây là thành tích thấp nhất, bởi Công từng đoạt HCV Paralympic 2016 và HCB Paralympic 2020. Nhưng với riêng Công, chiếc HCĐ này mới thật sự ý nghĩa.
Ý nghĩa bởi Công không chỉ phải chinh phục đòn tạ, cạnh tranh với các đối thủ mạnh hàng đầu thế giới mà còn phải đã thật sự vượt qua những khó khăn của chính bản thân mình. Đó mới là thử thách lớn nhất để Công có mặt lên bục huy chương Paralympic 2024.
Công đã không có được thể trạng tốt nhất khi đến với Paralympic 2024 vì chấn thương vai dai dẳng. Sau lần cử 171kg, vai Công đã rất đau. Dù vậy, Công vẫn cố gắng với hy vọng có thể tăng thành tích. Nhưng lần cử 176kg, vai đau nhói khiến suýt rớt tạ. Thi đấu xong trở về, tay phải của công cũng bị xụi luôn, không thể cầm đũa ăn cơm. Dù sao, chiếc HCĐ cũng là niềm an ủi lớn.
Nhưng điều quan trọng nhất Công muốn nói, đó chính là lời cảm ơn đến lãnh đạo Nhà nước, Bộ Văn hóa Thể thao và Du lịch, Cục Thể dục thể thao, Hiệp hội Paralympic Việt Nam, Sở Văn hóa Thể thao TP.HCM, Trung Tâm Huấn Luyện Thể Thao Quốc Gia TPHCM ban huấn luyện tuyển cử tạ người khuyết tật Việt Nam.
Không có sự ủng hộ, giúp đỡ của mọi người, Công chắc chắn không thể đến với ngày hội thể thao lớn nhất hành tinh dành cho người khuyết tật. Đây là đấu trường mà Công luôn khao khát được tham dự.
Ngoài ra, Công cũng muốn gửi lời cảm ơn đến những người đã ủng hộ mình suốt những năm tháng đã qua. Đặc biệt là vợ con, người thân của Công đã hy sinh rất nhiều để Công có thể theo đuổi sự nghiệp thể thao.
Cảm ơn các nhà tài trợ đã luôn tiếp sức cho công trên hành trình thể thao của Công. Thế nên, tấm huy chương đồng này không phải phần thưởng của riêng Công mà là của tất cả chúng ta”.
Lê Văn Công tiết lộ thêm: “Sau khi trở về, Công sẽ nỗ lực chữa trị chấn thương để có thể trở lại thi đấu với phong độ tốt nhất, gặt hái thêm nhiều thành công cho thể thao người khuyết tật Việt Nam trong tương lai”.
VOV.VN - Lực sĩ Lê Văn Công đã giành tấm HCĐ ở môn cử tạ tại đấu trường Paralympic 2024 diễn ra chiều nay 4/9."
35,Thể thao,"Chia sẻ với truyền thông trước trận đấu, HLV Kim Sang Sik cho biết: “Tôi cảm thấy rất vui và vinh dự khi đội tuyển tiếp tục có cơ hội thi đấu sau 3 tháng nghỉ tính từ trận gần nhất. Tôi biết rằng ĐT Nga là đội bóng mạnh. Chắc chắn trận đấu này sẽ rất khó khăn nhưng tôi coi đây là thử thách. Không quan trọng đối thủ mạnh thế nào, điều các cầu thủ cần làm là không sợ hãi, tiếp tục tiến lên, chiến đấu để có được kết quả tốt nhất.
Nhưng tôi muốn đương đầu với thử thách. Tôi và BHL đã phân tích nhiều trận và nghiên cứu về cách thi đấu của cầu thủ, phong cách của HLV ĐT Nga. Bản thân tôi rất ấn tượng với thủ thành Safonov đang thi đấu cho PSG. Ngoài ra, ĐT Nga cũng có rất nhiều cầu thủ trẻ có khả năng tấn công tốt. Hy vọng rằng, các cầu thủ sẽ có cơ thể tích lũy kinh nghiệm, rèn luyện kiên nhẫn, nâng cao bản thân trong trận đấu ngày mai”.
Chia sẻ với truyền thông trước trận đấu này, HLV Valery Karpin cho biết: “Đây là bóng đá, mục tiêu của chúng tôi đương nhiên là giành chiến thắng. Đối thủ chắc cũng vậy thôi. Chúng tôi rất nghiêm túc với trận đấu này. Chúng tôi khó khăn khi không có cơ hội thi đấu nhiều. Vì vậy khi có đối thủ để đá thì chúng tôi rất nghiêm túc, cả đội sẵn sàng để ra sân”.
Mặc dù ĐT Việt Nam đã chơi rất cố gắng, nhưng do điều kiện thời tiết không ủng hộ cộng với việc có cách biệt lớn về đẳng cấp nên thầy trò HLV Kim Sang Sik đã nhận thất bại với tỉ số 0-3 trước ĐT Nga trong trận giao hữu quốc tế diễn ra tối 5/9. Trận thua này giúp ĐT Việt Nam rút ra được nhiều bài học để hướng tới trận đấu với ĐT Thái Lan sắp tới.
HLV Valeriy Karpin của ĐT Nga là người trả lời họp báo trước.
PV: Ông đáng giá thế nào về màn trình diễn của ĐT Nga, theo ông các cầu thủ đã đáp ứng được kỳ vọng từ BHL chưa?
HLV Valeriy Karpin:Trận đấu này khá tốt, điều kiện thi đấu khác biệt và là khá thú vị. Chúng tôi có chuyến bay dài tới đây, nhưng chúng tôi đã có trận đấu tốt, không có cầu thủ nào chấn thương cũng như có được kết quả tốt.
PV: Tại sao thay đổi đội hình giữa trận đấu?
HLV Valeriy Karpin: Tôi điều chỉnh đội hình vì cầu thủ cảm thấy không có thể trạng tốt nhất?
PV: Ông đánh giá thế nào về các cầu thủ ĐT Việt Nam?
HLV Valeriy Karpin:Đối với trình độ của ĐT Việt Nam so sánh với châu Âu thì không phải mạnh, nhưng các bạn đã tạo ra những khó khăn cho chúng tôi. Nhìn chung tôi đánh giá, ĐT Việt Nam có những cầu thủ có kỹ năng tốt dù thể thực không phải là tốt.
PV: Ông hài lòng về màn trình diễn của đội hay không?
HLV Valeriy Karpin:Trong điều kiện thời tiết như thế này thì tương đối khó khăn, nếu như thi đấu ở nơi khác thì có thể sẽ khác. Mặc dù thắng 3-0 nhưng như tôi đã nói với điều kiện thời tiết như vậy, kết quả này là hài lòng.
PV: Thủ môn của PSG vì sao không thi đấu?
HLV Valeriy Karpin:Ở trận đấu với Thái Lan thì thủ môn Matvey Safonov sẽ thi đấu.
PV: Ông có nghĩ bàn thắng thứ 2 của trận đấu sau sai lầm của ĐT Việt Nam giúp ĐT Nga dễ đá hơn?
HLV Valeriy Karpin:Đó không phải điều quan trọng nhất, bàn thắng đó lỗi của thủ môn và cả hậu vệ nữa. Trong bóng đã thì  bạn không thể 100% không mắc lỗi được.

PV: Ông hài lòng và chưa hài lòng gì ở trận đấu này?
HLV Kim Sang Sik:Hôm nay trận sân nhà của chúng tôi, tôi muốn gửi lời xin lỗi người hâm mộ vì thua trận. Tuy nhiên, các cầu thủ đã thi đấu rất nỗ lực trước đội bạn. Do đó, tôi rất xin lỗi người hâm mộ vì kết quả của trận đấu hôm nay.
PV: Ông đánh giá thế nào về các cầu thủ trẻ sử dụng ở trận đấu này?
HLV Kim Sang Sik:Tôi hài lòng với Hai Long, Vĩ Hào và những cầu thủ hôm nay. Họ đã có màn trình diễn tốt, tạo ra khoảng trống, đặc biệt là Vĩ Hào, người chơi tốt hơn kỳ vọng của tôi.
PV: Ông đánh giá gì về bàn thua của Văn Lâm?
HLV Kim Sang Sik:Khi bắt đầu hiệp 2, nhịp độ thi đấu của đội tốt hơn, nhưng đội đã mắc sai lầm nên thua. Tôi cho rằng, Lâm gặp áp lực về tâm lý khi gặp Nga. Tôi không muốn chia sẻ thêm gì lúc này, nhưng tôi nghĩ rằng, Lâm cần thời gian để vượt qua khó khăn. Nhưng nhìn chung tôi cho rằng, Văn Lâm đã thể hiện tốt.
PV: Theo ông đâu là điểm sáng lớn nhất của ĐT Việt Nam?
HLV Kim Sang Sik:Chúng tôi có nhiều thay đổi ở hàng phòng ngự và đã có những thời điểm các cầu thủ chơi tốt. Mặc dù ĐT Việt Nam không ghi được bàn thắng, nhưng toàn đội đã có màn trình diễn tốt.
Họp báo kết thúc.
Trực tiếp họp báo ĐT Việt Nam vs ĐT Nga"
36,Thể thao,
37,Thể thao,"Đội hình dự kiến:
ĐT Việt Nam:Văn Lâm, Tuấn Tài, Ngọc Hải, Thành Chung, Thanh Bình, Tấn Tài, Hoàng Đức, Hùng Dũng, Quang Hải, Tuấn Hải, Tiến Linh
ĐT Nga:Matvey Safonov , Danil Krugovoy, Ruslan Litvinov, Evgeny Morozov, Aleksandr Silyanov, Daler Kuzyaev, Lechi Sadulaev , Danil Prutsev, Sergey Pinyaev, Tamerlan Musayev, Konstantin Tyukavin
VOV.VN - Nhận định trận đấu ĐT Việt Nam vs ĐT Nga, giải giao hữu tam hùng trên sân Mỹ Đình diễn ra lúc 20h ngày 5/9.
VOV.VN - HLV trưởng đội tuyển Nga Valery Karpin tuyên bố, mục tiêu của ông và các học trò là giành chiến thắng trước ĐT Việt Nam.
VOV.VN - Trong buổi họp báo trước trận ĐT Việt Nam – ĐT Nga, HLV Kim Sang Sik và các học trò cho thấy rõ quyết tâm khi được gặp đội bóng mạnh.
Không phải là đội tuyển hàng đầu của nền bóng đá số 1 thế giới, châu Âu, nhưng so với ĐT Việt Nam, ĐT Nga  vẫn là “gã khổng lồ”. Thứ hạng cách nhau đến 82 bậc trên bảng xếp hạng FIFA đã cho thấy khoảng cách rất lớn về đẳng cấp và trình độ chuyên môn giữa 2 đội tuyển. Đây là lý do mà các tuyển thủ Nga tự tin sẽ nắm chắc phần thắng trong chuyến đến Mỹ Đình này dù thừa nhận không biết gì về ĐT Việt Nam (cũng như ĐT Thái Lan) ngoại trừ thứ hạng thế giới.
“Tôi không biết gì về bóng đá Việt Nam nhưng tôi nghĩ chúng tôi phải hiểu rằng chúng tôi mạnh hơn, chúng tôi có những cầu thủ giỏi hơn”, hậu vệ Danil Krugovoy trả lời trên trang chủ LĐBĐ Nga. Tương tự, tiền vệ Andrey Mostovoy cũng khẳng định: “Tôi không biết gì về các đội này ngoại trừ việc Việt Nam xếp thứ 115 trên bảng xếp hạng FIFA, còn Thái Lan đứng thứ 101. Tuy nhiên, chúng tôi sẽ giành chiến thắng”.
Sự tự tin của Andrey Mostovoy hay Danil Krugovoy  không phải là tự cao mà thực tế, ĐT Việt Nam không thể sánh bằng ĐT Nga trong cuộc chạm trán này. Thế nên, việc được “thử lửa” với 1 đối thủ đứng thứ 33 thế giới là cơ hội không dễ gì có được đối với đoàn quân của ông Kim Sang Sik.
Chắc chắn, cuộc đọ sức này phải mang lại cho ĐT Việt Nam nhiều bài học bổ ích khi được tiếp cận với một đối thủ có phong cách chơi bóng hiện đại của châu Âu, vốn có sự khác biệt với các đối thủ châu Á. Không chỉ về mặt kỹ - chiến thuật, đây còn là dịp để HLV Kim Sang Sik tìm phương án hữu hiệu trong các pha không chiến khi đối thủ có thể hình, thể lực nổi trội hơn so với ĐT Việt Nam.



1': Trận đấu đã bắt đầu !!!ĐT Việt Nam ra sân trong trang phục áo đỏ - quần đỏ, trong khi các cầu thủ Nga mặc áo trắng - quần xanh và giành quyền giao bóng trước ở hiệp một.
3': Cơ hội !!!Krivtsov xoay người dứt điểm chân trái trong vòng cấm, bóng trúng hậu vệ ĐT Việt Nam đến vị trí của Oblyakov và chân sút của Nga lập tức tung ra cú sút quyết đoán từ cự ly gần 20m nhưng bóng tiếp tục bị cản phá bởi hàng hậu vệ đội chủ nhà.
12': Không thể dứt điểm !!!Hoàng Đức phất bóng dài để Đinh Thanh Bình xâm nhập vòng cấm ĐT Nga nhưng thủ môn Lunev đã băng ra kịp thời ôm gọn bóng trước khi chân sút của ĐT Việt Nam kịp tung ra cú dứt điểm.
24': VÀOOOOOOO !!! Ngay sau tình huống thủ môn Văn Lâm vất vả đấm bóng cản phá cú dứt điểm bằng đầu của Pinyaev trong vòng cấm thì ĐT Việt Nam đã phải nhận bàn thua. Musaev đón bóng bật ra trước khi treo bóng kĩ thuật từ cánh trái để Kuzyaev bật cao đánh đầu qua tầm với của thủ môn Văn Lâm, mở tỷ số cho ĐT Nga trước ĐT Việt Nam !!!
35': Không được !!!Phan Tuấn Tài treo bóng bằng chân trái từ cánh phải, bóng đi xuyên qua tất cả các cầu thủ hai đội và tới gần vị trí của Nguyễn Thanh Bình nhất nhưng trung vệ của ĐT Việt Nam không kịp tung ra cú dứt điểm cận thành.
37': Treo bóng !!!Hoàng Đức treo bóng từ chấm đá phạt trực tiếp ở khu vực giữa sân chếch bên cánh trái vào vòng cấm ĐT Nga nhưng thủ môn Lunev đã chọn đúng điểm rơi và ôm gọn bóng trong tay.
39': Đánh đầu !!!Krugovoy treo bóng từ cánh trái để Oblyakov bật cao đánh đầu trong vòng cấm đưa bóng đi vọt xà ngang khung thành thủ môn Văn Lâm bên phía ĐT Việt Nam.
41': DỨT ĐIỂM LIÊN TIẾP !!!Krivtsov thoát xuống đối mặt với thủ môn Văn Lâm trước khi căng ngang dọn cỗ cho Pinyaev dứt điểm vào lưới trống nhưng Thành Chung đã kịp thời lùi về phá bóng trên vạch vôi. Ngay sau đó, Musaev băng vào dứt điểm bồi cận thành nhưng một lần nữa Thành Chung lại lăn xả cứu thua cho ĐT Việt Nam !!!
44': Không được !!!Oblyakov tung ra cú dứt điểm chân trái kĩ thuật từ chấm đá phạt trực tiếp cách khung thành thủ môn Văn Lâm khoảng chưa đến 20m nhưng bóng trúng hàng rào ĐT Việt Nam bật ra.
45': Nguy hiểm !!!Bóng được Oblyakov treo từ cánh phải để Pinyaev băng vào đánh đầu cận thành đưa bóng đi sạt cột dọc khung thành thủ môn Văn Lâm của ĐT Việt Nam.

45'+3: Hết hiệp một !!!ĐT Việt Nam đang để ĐT Nga dẫn trước với tỷ số 1-0 nhờ pha lập công duy nhất của Kuzyaev ở phút 24.
46': Hiệp hai bắt đầu !!!
52': KHÔNG VÀOOOO !!!Hùng Dũng bấm bóng kĩ thuật từ chấm đá phạt trực tiếp ngay khu vực giữa sân để Phan Tuấn Tài xâm nhập vòng cấm và dứt điểm một chạm khi không bị cầu thủ đối phương theo kèm nhưng bóng đi chệch cột dọc khung thành thủ môn Lunev của ĐT Nga.
58': Treo bóng !!!Phan Tuấn Tài đi bóng ở cánh trái trước khi tạt vào vòng cấm ĐT Nga khiến thủ môn Lunev chỉ có thể đấm bóng giải nguy cho khung thành đội khách.
62': VÀOOOOOOOOO !!! Đường chuyền về của Văn Thanh nhưng thủ môn Văn Lâm phá bóng hụt để bóng qua hai chân đi thẳng vào lưới ĐT Việt Nam và tỷ số được nâng lên 2-0 cho ĐT Nga !!!

69': Dứt điểm !!!Văn Thanh tung ra cú sút chân phải từ ngoài vòng cấm nhưng bóng đi quá nhẹ trước khi nằm gọn trong tay thủ môn Latyshonok của ĐT Nga.
75': Nguy hiểm !!!Quế Ngọc Hải phất bóng dài chuẩn xác từ phần sân nhà để Tuấn Hải bứt tốc, xâm nhập vòng cấm, khống chế bóng một chạm gọn gàng trước khi tung ra cú sút chân trái đầy uy lực cận thành, đưa bóng đi vọt xà ngang khung thành thủ môn Latyshonok của ĐT Nga.
77': VÀOOOOOOO !!! Pha phản công thần tốc của ĐT Nga Oblyakov chuyền bóng để Pinyaev thoát xuống ở đáy biên phải trước khi căng ngang dọn cỗ để Musaev đệm bóng cận thành dễ dàng nâng tỷ số lên 3-0 cho đội khách trước ĐT Việt Nam !!!
78': Cơ hội !!!Quế Ngọc Hải chuyền bóng thuận lợi để Bùi Vĩ Hào thoát xuống trước khi tung ra cú dứt điểm sở trường bằng chân trái trước vòng cấm nhưng thủ môn Latyshonok đã đổ người ôm gọn bóng cứu thua cho ĐT Nga.
82': Không vào !!!Bùi Vĩ Hào thoát xuống ở biên phải trước khi treo bóng chuẩn xác từ cánh phải để Tuấn Hải thoải mái dứt điểm một chạm bằng chân trái cận thành nhưng bóng đi ra phía sau lưới khung thành ĐT Nga hết sức đáng tiếc.
Ngay sau đó, ở pha phối hợp trung lộ, Tuấn Anh nhả bóng để Tuấn Hải dứt điểm trước vòng cấm nhưng bóng trúng người Quang Hải đi hết đường biên ngang.
90'+3: HẾT GIỜ !!! ĐT Việt Nam nhận thất bại 0-3 trước ĐT Nga ở trận ra quân tại LPBank Cup 2024 trên sân vận động Quốc gia Mỹ Đình.
Các bàn thắng của ĐT Nga được ghi do công của Kuzyaev (24'), Musaev (77') và bàn phản lưới nhà của Văn Thanh sau sai lầm phá hụt bóng ngớ ngẩn của thủ môn Văn Lâm ở phút 62.
Để chuẩn bị cho trận đấu này, ĐT Việt Nam đã tập trung từ cuối tháng 8 vừa qua. Đến ngày 1/9, đội có đầy đủ những cầu thủ tốt nhất theo danh sách được HLV Kim Sang Sik công bố trước đó.
Do quãng thời gian vừa qua, V-League không thi đấu chính thức nên lực lượng của ĐT Việt Nam vẫn hầu như không có nhiều xáo trộn so với đợt tập trung tháng 6 khi HLV Kim Sang Sik dẫn dắt những trận đấu đầu tiên.
Chia sẻ trước trận đấu, nhà cầm quân người Hàn Quốc nói: ""Tôi mừng vì đội tuyển có một giải đấu sau 3 tháng, tính từ trận gần nhất. Tôi cũng vinh dự vì được cùng tuyển Việt Nam đấu Nga và Thái Lan tại giải này.
ĐT Nga rất mạnh, ở một đẳng cấp cao hơn hẳn khi xét đến khác biệt về thứ bậc FIFA. Nên trận đấu tới chắc chắn sẽ khó khăn. Nhưng tôi xem đây là một thử thách cho bản thân và các học trò.
Tôi muốn xem các cầu thủ sẽ nỗ lực thế nào, nhận thấy họ thiếu những phẩm chất gì và phải nỗ lực cải thiện thế nào để hướng đến tương lai. Bản thân tôi rất ấn tượng với thủ thành Safonov đang thi đấu cho PSG, ngoài ra, đội tuyển Nga cũng có rất nhiều cầu thủ trẻ có khả năng tấn công tốt. Hy vọng rằng, các cầu thủ sẽ có cơ thể tích lũy kinh nghiệm, rèn luyện kiên nhẫn, nâng cao bản thân trong trận đấu này"".
Trong khi đó, ĐT Nga vẫn đang trong quá trình bị UEFA và FIFA cấm tham dự các giải đấu lớn. Vì thế thầy trò HLV Valery Karpin chỉ có thể thi đấu giao hữu thời gian qua. Do đó, sức mạnh thật sự của ĐT Nga lúc này phần nào đó vẫn là dấu hỏi.
Về lực lượng, ĐT Nga mang sang Việt Nam 27 cầu thủ, trong đó một số gương mặt đã bị loại so với danh sách sơ bộ 38 người là chân sút gốc Nigeria - German Onugkha và tiền vệ ghi rất nhiều bàn thắng mùa này - Maksim Glushenkov. Được biết, Onugha cũng như Glushenkov đều gặp chấn thương, không kịp bình phục.
Thủ thành đáng chú ý Matvey Safonov của PSG vẫn có tên trong danh sách và cũng đã đến Việt Nam nhưng khả năng ra sân tối nay của anh còn bỏ ngỏ. Lý do là bởi thủ thành này bị sốt cao và vắng mặt trong trận đấu mới nhất của PSG ở Ligue 1."
38,Thể thao,"Hôm nay, tâm điểm của người hâm mộ Việt Nam sẽ là trận đấu ĐT Việt Nam gặp ĐT Nga ở ngày mở màn của giải giao hữu trên sân Mỹ Đình. Cuộc so tài với ĐT Nga sẽ là cơ hội quý báu để thầy trò HLV Kim Sang Sik rèn quân với đối thủ mạnh, nhằm hướng đến giải đấu ASEAN Cup 2024 vào cuối năm.
Để chuẩn bị cho trận đấu này, ĐT Việt Nam đã tập trung từ cuối tháng 8 vừa qua. Đến ngày 1/9, đội có đầy đủ những cầu thủ tốt nhất theo danh sách được HLV Kim Sang Sik công bố trước đó.
Do quãng thời gian vừa qua V-League không thi đấu chính thức nên lực lượng của ĐT Việt Nam vẫn hầu như không có nhiều xáo trộn so với đợt tập trung tháng 6 khi HLV Kim Sang Sik dẫn dắt những trận đấu đầu tiên.
Màn đọ sức giữa ĐT Việt Nam vs ĐT Nga sẽ diễn ra từ 20h ngày 5/9/2024 và đượcVOV.VNtường thuật trực tuyến. Ngoài ra, các nền tảng của truyền hìnhFPT Play và kênh VTV5cũng sẽ phát sóng trực tiếp trận đấu này, mời quý độc giả quan tâm theo dõi.
Xem LPBank Cup 2024, trực tiếp và trọn vẹn trên FPT Play, tại: http://fptplay.vn"
39,Thể thao,"Giải Cầu lông quốc tế Yonex – Sunrise Vietnam Open 2024 diễn ra tại Nhà thi đấu Nguyễn Du, Quận 1 từ 10 – 15/9. Giải năm nay thu hút hơn 300 vận động viên (VĐV) đến từ 22 nước và vùng lãnh thổ tham gia. Đông nhất là Ấn Độ với với 55 VĐV, tiếp theo là Đài Loan (Trung Quốc) và Malaysia (cùng 46 VĐV); chủ nhà Việt Nam có 39 VĐV.
Ở nội dung đơn nam, hạt giống số 1 là Karunakaran (Ấn Độ). Việt Nam có hai tay vợt Lê Đức Phát cùng Nguyễn Hải Đăng là hạt giống số 4 và 8. Với việc thứ hạng các tay vợt khá tương đồng, các trận đấu tại nội dung đơn nam hứa hẹn sẽ rất căng thẳng, kịch tính và dự kiến kéo dài.
Ở nội dung đơn nữ, niềm hy vọng của Việt Nam tiếp tục đặt vào hạt giống số 1, đương kim vô địch, VĐV Nguyễn Thùy Linh. Tay vợt này đang có phong độ cao, từng về nhì tại giải cầu lông Đức mở rộng 2024 (giải đấu nằm trong hệ thống World Tour Super 300 của Liên đoàn Cầu lông Thế giới (BWF). Do giải trùng thời gian với giải Hồng Kông Open 2024 nên vắng mặt nhiều tay vợt nữ cùng đẳng cấp, Thùy Linh được kỳ vọng sẽ có “hat-trick” vô địch Việt Nam Open sau khi đã hai lần đăng quang ở hai mùa giải gần nhất.
Ông Nguyễn Phương Nam, Phó Chủ tịch Liên đoàn Cầu lông Việt Nam, Trưởng ban Tổ chức cho biết, trong mùa giải năm nay tiếp tục có sự góp mặt của các VĐV hàng đầu Việt Nam. Ở nội dung nữ là 3 cái tên đã thi đấu rất tốt ở mùa giải năm ngoái là Thùy Linh, Anh Thư và Thùy Trang. Tuy nhiên, ở mùa giải năm nay, các VĐV này sẽ sớm phải loại nhau.Ông Nam nói: ""Tiếc rằng Thùy Linh và Anh Thư đã đụng nhau ngay vòng 1 do bốc thăm ngẫu nhiên theo quy định. Nội dung nam có Đức Phát vừa đi Olympic về, nhưng Hải Đăng cũng là nhân tố quan trọng, vừa vô địch quốc gia hồi tháng 8/2024. Tuy nhiên, giải năm nay cũng có nhiều VĐV đến từ Nhật Bản, Trung Quốc là những nhân tố lạ, ẩn số hứa hẹn gây nhiều khó khăn cho VĐV chúng ta"".
Tổng giải thưởng của giải là 100.000 USD, trong đó nhà vô địch đơn nam và đơn nữ nhận 7.500 USD; vô địch các nội dung đôi nhận 7.900 USD.
Năm nay BTC tiếp tục bán vé điện tử để phục vụ người hâm mộ cầu lông. Giá vé vòng loại là 80.000 đồng, bán kết là 150.000 đồng và chung kết là 200.000 đồng."
40,Thể thao,
41,Thể thao,"CLB Thanh Hóa vừa công bố danh sách các cầu thủ sẽ tham dự V-League 2024/2025. Với quân số 38 cầu thủ, đội bóng xứ Thanh đã phải đưa ra quyết định loại 8 người khỏi danh sách đăng ký thi đấu ở V-League 2024/2025.
Trong số 8 gương mặt bị loại có những cựu tuyển thủ quốc gia Việt Nam như Nguyễn Trọng Hùng, Đinh Tiến Thành. Ngoài ra, các gương mặt trẻ vừa được đăng ký đá Siêu Cúp Quốc gia và Cúp C1 Đông Nam Á như Lê Anh Tuấn, Nguyễn Văn Tiếp, Hà Minh Đức cũng không được HLV Popov điền vào danh sách dự V-League.
Mùa giải năm nay, CLB Thanh Hóa được đăng ký 5 ngoại bình là Rimario, Kim Won Sik, Luiz Antônio, Yago và Gustavo Santana. Trường hợp gây bất ngờ nhất là thủ môn kỳ cựu Nguyễn Thanh Thắng vẫn có tên dù trước đó đội bóng này tuyên bố đã chia tay thủ môn 36 tuổi.
CLB Thanh Hóa đã trải qua 2 trận chính thức mùa này gặp Shan United (Cúp C1 Đông Nam Á) và Nam Định (Siêu Cúp Quốc gia). Họ sẽ khởi đầu V-League 2024/2025 bằng trận đấu trên sân nhà gặp Bình Dương ngày 14/9."
42,Thể thao,
43,Thể thao,"Theo lịch thi đấu và trực tiếp bóng đá hôm nay 5/9 và rạng sáng 6/9, người hâm mộ bóng đá Việt Nam sẽ hướng sự chú ý của mình tới các trận đấu thuộc lượt trận thứ nhất của UEFA Nations League 2024/2025.
Trong đó, cuộc đọ sức giữa Bồ Đào Nha và Croatia tại bảng A1 sẽ là tâm điểm của sự chú ý. Lần gần nhất hai đội tuyển này gặp nhau, Luka Modric đã cùng các đồng đội dành chiến thắng 2-1 trước Bồ Đào Nha ở trận giao hữu trước thềm Euro 2024. Ở cặp đấu còn lại của bảng A1, Ba Lan sẽ có chuyến làm khách trên sân Hampden Park của Scotland.
Tại bảng A4, Tây Ban Nha cũng có chuyến làm khách trên sân Rajko Mitić của Serbia còn Đan mạch sẽ tiếp đón Thụy Sĩ trên sân nhà.
Bên cạnh những trận đấu đáng chú ý trên, khung giờ 01h45 rạng sáng 6/9 tại UEFA Nations League 2024/2025 còn có các cặp đấu: Estonia – Slovakia, Belarus – Bulgaria, Bắc Ireland – Luxembourg, San Marino – Liechtenstein.
Trước đó, vào lúc 23h00 đêm 5/9 Azerbaijan sẽ có cuộc tiếp đón Thụy Điển trên sân vận động Cộng hòa Tofiq Bahramov.
01/09 23:00 Azerbaijan - Thụy Điển
06/09 01:45 Bồ Đào Nha – Croatia
06/09 01:45 Scotland – Ba Lan
06/09 01:45 Serbia – Tây Ban Nha
06/09 01:45 Đan Mạch – Thụy Sĩ
06/09 01:45 Estonia – Slovakia
06/09 01:45 Belarus – Bulgaria
06/09 01:45 Bắc Ireland – Luxembourg
06/09 01:45 San Marino – Liechtenstein
06/09 21:00 Kazakhstan – Na Uy
"
44,Thể thao,"Hôm nay, tâm điểm của người hâm mộ Việt Nam sẽ là trận đấu ĐT Việt Nam gặp ĐT Nga ở ngày mở màn của giải giao hữu trên sân Mỹ Đình. Cuộc so tài với ĐT Nga sẽ là cơ hội quý báu để thầy trò HLV Kim Sang Sik rèn quân với đối thủ mạnh, nhằm hướng đến giải đấu ASEAN Cup 2024 vào cuối năm.
Để chuẩn bị cho trận đấu này, ĐT Việt Nam đã tập trung từ cuối tháng 8 vừa qua. Đến ngày 1/9, đội có đầy đủ những cầu thủ tốt nhất theo danh sách được HLV Kim Sang Sik công bố trước đó.
Do quãng thời gian vừa qua V-League không thi đấu chính thức nên lực lượng của ĐT Việt Nam vẫn hầu như không có nhiều xáo trộn so với đợt tập trung tháng 6 khi HLV Kim Sang Sik dẫn dắt những trận đấu đầu tiên.
Chia sẻ trước trận đấu, nhà cầm quân người Hàn Quốc nói: ""Tôi mừng vì đội tuyển có một giải đấu sau 3 tháng, tính từ trận gần nhất. Tôi cũng vinh dự vì được cùng tuyển Việt Nam đấu Nga và Thái Lan tại giải này.
ĐT Nga rất mạnh, ở một đẳng cấp cao hơn hẳn khi xét đến khác biệt về thứ bậc FIFA. Nên trận đấu tới chắc chắn sẽ khó khăn. Nhưng tôi xem đây là một thử thách cho bản thân và các học trò.
Tôi muốn xem các cầu thủ sẽ nỗ lực thế nào, nhận thấy họ thiếu những phẩm chất gì và phải nỗ lực cải thiện thế nào để hướng đến tương lai. Bản thân tôi rất ấn tượng với thủ thành Safonov đang thi đấu cho PSG, ngoài ra, đội tuyển Nga cũng có rất nhiều cầu thủ trẻ có khả năng tấn công tốt. Hy vọng rằng, các cầu thủ sẽ có cơ thể tích lũy kinh nghiệm, rèn luyện kiên nhẫn, nâng cao bản thân trong trận đấu này"".
Trong khi đó, ĐT Nga vẫn đang trong quá trình bị UEFA và FIFA cấm tham dự các giải đấu lớn. Vì thế thầy trò HLV Valery Karpin chỉ có thể thi đấu giao hữu thời gian qua. Do đó, sức mạnh thật sự của ĐT Nga lúc này phần nào đó vẫn là dấu hỏi.
Về lực lượng, ĐT Nga mang sang Việt Nam 27 cầu thủ, trong đó một số gương mặt đã bị loại so với danh sách sơ bộ 38 người là chân sút gốc Nigeria - German Onugkha và tiền vệ ghi rất nhiều bàn thắng mùa này - Maksim Glushenkov. Được biết, Onugha cũng như Glushenkov đều gặp chấn thương, không kịp bình phục.
Thủ thành đáng chú ý Matvey Safonov của PSG vẫn có tên trong danh sách và cũng đã đến Việt Nam nhưng khả năng ra sân tối nay của anh còn bỏ ngỏ. Lý do là bởi thủ thành này bị sốt cao và vắng mặt trong trận đấu mới nhất của PSG ở Ligue 1.
Màn đọ sức này sẽ diễn ra từ 20h và được VOV.VN tường thuật trực tuyến. Ngoài ra, các nền tảng của truyền hình FPT Play cũng sẽ phát sóng trực tiếp trận đấu này."
45,Thể thao,"Lịch thi đấu và trực tiếp bóng đá hôm nay 5/9, tâm điểm sẽ là trận đấu ĐT Việt Nam gặp ĐT Nga ở ngày mở màn của giải giao hữu trên sân Mỹ Đình.
Màn đọ sức này sẽ diễn ra từ 20h và được VOV.VN tường thuật trực tuyến. Ngoài ra, các nền tảng của truyền hình FPT Play cũng sẽ phát sóng trực tiếp trận đấu này. Cuộc so tài với ĐT Nga sẽ là cơ hội quý báu để thầy trò HLV Kim Sang Sik rèn quân với đối thủ mạnh, nhằm hướng đến giải đấu ASEAN Cup 2024 vào cuối năm.
Ngoài trận đấu của ĐT Việt Nam, trong ngày 5/9 còn diễn ra hàng loạt giải đấu đáng chú ý khác trên khắp thế giới. Ở châu Âu, lượt trận đầu tiên của Nations League 2024/2025 bắt đầu với 9 trận đấu, trong đó có 4 trận ở League A: ĐKVĐ EURO 2024 - Tây Ban Nha làm khách của Serbia, Đan Mạch gặp Thụy Sĩ, Scotland gặp Ba Lan và Bồ Đào Nha gặp Croatia.
Tại châu Á, vòng loại thứ 3 World Cup 2026 sẽ khởi động với 9 trận đấu của lượt trận đầu tiên. Trong đó đáng chú ý là các trận: Saudi Arabia vs Indonesia,  Nhật Bản vs Trung Quốc, Australia vs Bahrain hay Uzbekistan vs Triều Tiên.
Cũng theo lịch thi đấu và trực tiếp bóng đá hôm nay 5/9, bóng đá thế giới còn diễn ra loạt trận vòng loại World Cup 2026 khu vực Nam Mỹ, vòng loại AFCON 2025 và CONCACAF Nations League 2024/2025."
46,Thể thao,"Đêm 4/9 (giờ Việt Nam), ĐT nữ Việt Nam có trận đấu đầu tiên trong chuyến tập huấn châu Âu tháng 9/2024. Toàn đội di chuyển hơn 200km từ địa điểm đóng quân ở CH Séc đến với sân tập của CLB nữ Leipzig để thi đấu với đội chủ nhà.
Dù chỉ là một trận đấu mang tính chất tập luyện nhưng ĐT nữ Việt Nam đã nhận được sự cổ vũ nhiệt tình của rất đông kiều bào Việt Nam đang sinh sống và làm việc tại Đức trực tiếp có mặt tại sân.
CLB nữ Leipzig là đội bóng xếp hạng 8 của giải Bundesliga nữ mùa trước và vừa có trận ra quân thắng lợi ở mùa giải 2024/2025.
Với thể hình và tầm vóc vượt trội, đội chủ nhà đã tạo nên thế trận áp đảo. ĐT nữ Việt Nam dù cố gắng nhưng cũng không thể tạo được quá nhiều khó khăn về khung thành đội bạn. Chung cuộc, Leipzig thắng 2-0 nhờ các pha ghi bàn của 2 tiền đạo Schimmer và Muller.
Sau trận đấu này, thầy trò HLV Mai Đức Chung sẽ quay lại CH Séc để chuẩn bị cho trận đấu tiếp theo trong chuyến tập huấn gặp CLB FK Pardubice ngày 8/9.
Đội hình xuất phát của ĐT nữ Việt Nam:Kim Thanh, Chương Thị Kiều, Diễm My, Trần Thị Thu, Hải Linh, Bích Thùy, Tuyết Dung, Dương Thị Vân, Nguyễn Thị Vạn, Hải Yến, Huỳnh Như"
47,Thể thao,"Chia sẻ với truyền thông trước trận đấu với ĐT Việt Nam, HLV trưởng Valery Karpin khẳng định mục tiêu của đội tuyển Nga là giành chiến thắng tại LPBank Cup 2024, nơi có sự góp mặt của đội tuyển Việt Nam và đội tuyển Thái Lan.
HLV Valery Karpin cho biết: “Đây là bóng đá, mục tiêu của chúng tôi đương nhiên là giành chiến thắng. Đối thủ chắc cũng vậy thôi. Chúng tôi rất nghiêm túc với trận đấu này. Chúng tôi khó khăn khi không có cơ hội thi đấu nhiều. Vì vậy khi có đối thủ để đá thì chúng tôi rất nghiêm túc, cả đội sẵn sàng để ra sân”.
Ông Valery Karpin cũng nhận định vấn đề thời tiết nóng sẽ ảnh hưởng đến các cầu thủ đội tuyển Nga vì sẽ khiến họ khó di chuyển và chơi bóng với cường độ cao trong 90 phút. Tuy vậy, ông cho rằng đó không phải là vấn đề chính. “Chúng tôi không quan trọng thời tiết, sân bãi, chỉ muốn tập trung chơi bóng” - HLV Valery Karpin.
Theo tiết lộ của HLV Valery Karpin, đội tuyển Nga sẽ sử dụng hai đội hình khác nhau cho hai trận đấu với đội tuyển Việt Nam và đội tuyển Thái Lan. Cụ thể đội hình sắp xếp như thế nào khán giả sẽ được biết khi đội tuyển Nga xuất trận tại LPBank Cup 2024."
48,Thể thao,"U22 Việt Nam nhập cuộc không tốt và bị U22 Trung Quốc chọc thủng lưới trước ở phút 14. Tuy nhiên, đến phút 45, Quốc Việt đã tận dụng rất tốt sai lầm của hàng phòng ngự đối phương để gỡ hòa 1-1.
Trong hiệp 2, U22 Việt Nam có thế trận tốt trước U22 Trung Quốc, chúng ta có những cơ hội ghi bàn ngon ăn, đặc biệt là của Đình Bắc ở phút 88, nhưng tiền đạo này lại bị cột dọc từ chối bàn thắng. Phút 89, U22 Trung Quốc phản công sắc bén và họ có bàn thắng ấn định chiến thắng 2-1.
Trong năm 2024, các cấp độ bóng đá trẻ của Việt Nam liên tục được mời sang Trung Quốc thi đấu các giải quốc tế. Do vậy, các đội U16, U19 hay U22 Việt Nam liên tục được cọ xát với những đối thủ chất lượng ở khu vực, châu lục.
Cách đây 3 tháng, HLV Hứa Hiền Vinh đã dẫn dắt U19 Việt Nam thi đấu ở giải giao hữu tại Trung Quốc. Ngay ở trận ra quân, U19 Việt Nam đã thua U19 Trung Quốc với tỉ số 0-1. Đó là trận đấu mà đại diện Đông Nam Á có thế trận không đến nỗi nào, nhưng việc thua kém về thể hình, thể lực đã khiến chúng ta nhận thất bại.
Ở giải U19 Quốc tế đó, màn trình diễn chung của U19 Việt Nam không thuyết phục. Đoàn quân của HLV Hứa Hiền Vinh không giành được điểm số nào sau 3 trận đấu, khi lần lượt thua U19 Trung Quốc, U19 Hàn Quốc và U19 Uzbekistan. Đó cũng là giải đấu mà U19 Việt Nam đã rút ra được những bài học quý giá.
Sau lứa U19 thì lần này U22 Việt Nam cũng tranh tài ở giải giao hữu cũng diễn ra ở Trung Quốc. Thật trùng hợp khi đối thủ trong trận ra quân của chúng ta vẫn là chủ nhà Trung Quốc, nhưng người cầm quân là HLV Đinh Hồng Vinh.
Ở đợt hội quân lần này, U22 Việt Nam không có Khuất Văn Khang vì chấn thương, nhưng trong tay HLV Đinh Hồng Vinh vẫn còn những cái tên rất chất lượng. Nhiều cầu thủ trong đợt tập trung lần này là trụ cột ở CLB, thi đấu tại giải hạng nhất cũng như V-League. Do đó, đây là cơ sở để HLV Đinh Hồng Vinh bố trí, sắp xếp đội hình tốt nhất để hướng tới một kết quả thuận lợi ở trận đấu với U22 Trung Quốc hôm nay.
Chia sẻ với truyền thông về sự chuẩn bị cho giải đấu này, HLV Đinh Hồng Vinh cho biết: “Trước khi sang đây tham dự giải, đội tuyển U22 Việt Nam mới chỉ trải qua hai đợt tập trung ngắn hạn, trong đó đợt tập trung lần này đội chỉ có hai ngày tập luyện rồi lên đường. Tuy vậy, đó không phải là trở ngại lớn bởi các cầu thủ đều có thời gian trưởng thành cùng nhau khi tham gia các cấp độ đội tuyển trẻ.
Chúng tôi thấy được tinh thần quyết tâm và sự tự tin của các cầu thủ. Các trận đấu phía trước sẽ không dễ dàng, nhưng với sự chuẩn bị và tinh thần đoàn kết, chúng tôi nỗ lực hết mình để đạt được mục tiêu đề ra. Hy vọng từ giải đấu này, BHL sẽ phát hiện những nhân tố thi đấu nổi bật để tăng cường lực lượng cho đội tuyển U23 Việt Nam tham gia vào các giải đấu quan trọng trong năm 2025 sắp tới”.
Theo lịch trận đấu giữa U22 Việt Nam với U22 Trung Quốc diễn ra vào lúc 18h35 tối nay 4/9. Báo Điện tử VOV sẽ tường thuật trực tuyến, mời quý độc giả quan tâm theo dõi.
VOV.VN - Trong buổi họp báo trước trận ĐT Việt Nam – ĐT Nga, HLV Kim Sang Sik và các học trò cho thấy rõ quyết tâm khi được gặp đội bóng mạnh.
TRẬN ĐẤU BẮT ĐẦU !!!
2': KHÔNG ĐƯỢC !!!U22 Trung Quốc tấn công bên cánh phải, bóng được tạt vào vòng cấm của U22 Việt Nam, nhưng thủ môn Văn Bình đã ôm gọn.
3': KHÔNG ĐƯỢC !!!U22 Việt Nam tấn công bên cánh phải, bóng được căng vào vòng cấm của U22 Trung Quốc, nhưng sau đó hậu vệ đội chủ nhà đã đoán được ý đồ và hóa giải thành công.
6': KHÔNG VÀO !!!Hà Châu Phi đi bóng lắt léo xâm nhập vòng cấm rồi tung cú dứt điểm căng, nhưng lại không thắng được thủ môn Yu Jinyong, người đã cứu thua bằng chân cho chủ nhà U22 Trung Quốc.
7': THẺ VÀNG !!!Cầu thủ số 10 của U22 Trung Quốc phạm lỗi Thái Sơn trong đợt lên bóng nhanh của U22 Việt Nam, trọng tài ngay lập tức rút thẻ vàng.
12': KHÔNG ĐƯỢC !!!Mutalifu Yimingkari bứt tốc xâm nhập vòng cấm của U22 Việt Nam sau đó dứt điểm, nhưng bóng chạm chân hậu vệ đội khách đi hết đường biên ngang.
14': PHẠT GÓC !!!U22 Trung Quốc phạt góc bên cánh trái theo hướng tấn công, bóng được treo vào trong, nhưng hàng thủ đội chủ nhà đã hóa giải thành công.
14': VÀO VÀO VÀO !!!Mutalifu Yimingkari xâm nhập vòng cấm sau đó chuyền ra cho Aifeierding Aisikaer đệm bóng dễ dàng ghi bàn thắng mở tỉ số trận đấu.
17': KHÔNG ĐƯỢC !!!U22 Trung Quốc tấn công bên cánh trái, bóng được tạt vào vòng cấm của U22 Việt Nam, rất may là thủ môn Văn Bình đã làm tốt nhiệm vụ của mình. U22 Việt Nam đang gặp khó khăn với những pha bóng tốc độ ở hai cánh của đối phương.
21': NGUY HIỂM !!!Tuyến tiền vệ của U22 Việt Nam đang chơi không tốt khi liên tục mất bóng để đội bạn có cơ hội lên bóng nhanh. U22 Trung Quốc vừa có 2 pha nhồi bóng vào vòng cấm của U22 Việt Nam khiến người hâm mộ thót tim.
22': KHÔNG CÓ 11M !!!Đình Bắc đi bóng xâm nhập vòng cấm của U22 Trung Quốc sau đó bị truy cản và ngã ra, nhưng trọng tài xác định không có lỗi của hậu vệ đối phương nên không cho U22 Việt Nam hưởng 11m.
24': KHÔNG VÀO !!!Quốc Việt có bóng trong vòng cấm địa của U22 Trung Quốc, tiền đạo thuộc biên chế HAGL tung cú dứt điểm bằng chân trái, nhưng bóng đi cao hơn khung thành đối phương.
28': KHÔNG VÀO !!!Từ pha ném biên, hàng thủ của U22 Trung Quốc lúng túng, Đức Việt làm tường để Đình Bắc dứt điểm hiểm hóc, tiếc rằng bóng lại đi chệch khung thành đối phương trong gang tấc.
33':Những phút vừa qua U22 Việt Nam đang dâng đội hình lên cao để tìm kiếm bàn gỡ hòa. Các học trò của HLV Đinh Hồng Vinh đang khiến đội chủ nhà gặp đôi chút khó khăn ở khâu phòng ngự.
40':U22 Việt Nam vẫn đang gặp khó khăn trong việc tìm kiếm bàn gỡ. Đại diện Đông Nam Á tỏ ra lép vế trong những pha tranh chấp tay đôi.
43': NGUY HIỂM !!!U22 Trung Quốc được hưởng quả phạt trực tiếp, hàng thủ của U22 Việt Nam phòng ngự không tốt, nhưng may mắn là tiền đạo đội chủ nhà lại không thể dứt điểm.
45': VÀO VÀO VÀO !!!Từ tình huống đá phạt trực tiếp, Đình Bắc tung ra cú dứt điểm không khó, nhưng hậu vệ U22 Trung Quốc mắc lỗi, cơ hội đến với Quốc Việt, tiền đạo thuộc biên chế HAGL đã tận dụng rất tốt cơ hội để ghi bàn gỡ hòa 1-1.
45+3': KẾT THÚC HIỆP 1 !!!U22 Việt Nam và U22 Trung Quốc tạm hòa nhau 1-1.
HIỆP 2 BẮT ĐẦU !!!
46': KHÔNG VÀO !!!U22 Việt Nam cắt bóng được của đội chủ nhà, Thanh Nhàn chuyền bóng cho Đình Bắc dứt điểm, nhưng bóng lại đi cao hơn khung thành đội chủ nhà U22 Trung Quốc.
48': THẺ VÀNG !!!Đức Việt kéo ngã cầu thủ của U22 Trung Quốc nên đã phải nhận thẻ vàng.
52':U22 Trung Quốc đang dâng cao đội hình và tăng cường sức ép lên phần sân của U22 Việt Nam. Tuy nhiên, đội chủ nhà vẫn chưa tìm được khoảng trống để ghi bàn trong hiệp 2.
53': THẺ VÀNG !!!Sau Đức Việt thì đến Thái Sơn nhận thẻ vàng sau khi phạm lỗi với đội trưởng bên phía U22 Trung Quốc. Trước đó, U22 Việt Nam đã bỏ lỡ một cơ hội rất tốt.
59': NGUY HIỂM !!!U22 Việt Nam tấn công bên cánh phải, Hà Châu Phi tạt bóng vào vòng cấm, nhưng hậu vệ U22 Trung Quốc đã đánh đầu giải nguy đưa bóng đi hết đường biên ngang.
60': PHẠT GÓC !!!U22 Việt Nam phạt góc bên cánh phải theo hướng tấn công, nhưng không gây được khó khăn cho hàng phòng ngự của U22 Trung Quốc.
64': CỨU THUA !!!Cao Văn Bình bắt gọn bóng từ tình huống dứt điểm tuyến hai của Chen Zhexuan.
65': THAY NGƯỜI !!!Quốc Việt rời sân nhường chỗ cho Ngọc Sơn.
66': KHÔNG ĐƯỢC !!!Hậu vệ U22 Trung Quốc mắc sai lầm, cơ hội đến với Ngọc Sơn trong vòng cấm địa, nhưng cầu thủ thuộc biên chế Nam Định lại sút bóng đập chân hậu vệ đội bạn bất ngược lại.
71': KHÔNG VÀO !!!Từ tình huống phạt góc bên cánh trái, Ngọc Sơn đánh đầu, nhưng thủ môn U22 Trung Quốc lại cứu thua xuất sắc cho đội nhà.
77': KHÔNG ĐƯỢC !!!Xuân Bắc có 2 pha tạt bóng liên tiếp vào vòng cấm địa của U22 Trung Quốc, nhưng hậu vệ đối thủ đã đánh đầu hóa giải thành công.
79': KHÔNG VÀO !!!U22 Trung Quốc tổ chức tấn công nhanh bên cánh trái, bóng được đưa vào vòng cấm của U22 Việt Nam, nhưng Maiwulang Mijiti lại sút trượt bóng đá tiếc.
84':Những phút vừa qua, U22 Việt Nam đang chủ động kiểm soát bóng và dồn ép U22 Trung Quốc, nhưng chúng ta vẫn chưa tìm kiếm được bàn thắng thứ 2.
86': KHÔNG VÀO !!!U22 Việt Nam có cơ hội ghi bàn, nhưng Xuân Bắc lại dứt điểm quá nhẹ nên không thắng được thủ môn Yu Jinyong.
88': KHÔNG VÀO !!!Đình Bắc có cơ hội rất ngon ăn, tiền đạo này đánh bại thủ môn Yu Jinyong, nhưng vẫn bị cột dọc từ chối bàn thắng.
89': VÀO VÀO VÀO !!!Sau khi Đình Bắc bỏ lỡ cơ hội thì U22 Việt Nam đã bị trừng phạt. Cầu thủ số 16 của đội bạn đã tận dụng rất tốt cơ hội để đánh bại thủ môn Văn Bình nâng tỉ số lên 2-1 cho U22 Trung Quốc.
BÙ GIỜ !!!Hiệp 2 có 4 phút bù giờ.
90+4': HẾT GIỜ !!!U22 Việt Nam thua 1-2 trước U22 Trung Quốc."
49,Thể thao,"Sáng sớm 5/9 theo giờ Hà Nội, tạp chí France Football công bố các đề cử cho những hạng mục giải thưởng của Quả Bóng Vàng. Trong đó, Quả Bóng Vàng nam được công bố sau cùng với 30 cầu thủ. Trong đó, những ứng viên sáng giá nhất là Vinicius Junior, Kylian Mbappe, Rodri, Jude Bellingham hay Lamine Yamal.
Đáng chú ý, bản danh sách này không có tên cả Ronaldo lẫn Messi. Với Ronaldo, việc anh không có tên là điều dễ hiểu khi cầu thủ này thi đấu không thật thành công trên bình diện tập thể ở Saudi Arabia và thất bại cùng ĐT Bồ Đào Nha.
Trong khi đó với Messi, nhiều CĐV của M10 kỳ vọng chức vô địch Copa America 2024 sẽ đủ giúp siêu sao này lọt vào danh sách đề cử nhưng điều đó đã không xảy ra. Lần gần nhất danh sách đề cử không có Ronaldo hay Messi là năm 2003, lúc tiền đạo Bồ Đào Nha vừa chuyển sang MU còn tài năng Argentina vẫn chưa ra mắt đội một Barca.
Tiêu chí bình chọn giải vẫn theo ba yếu tố, gồm màn trình diễn cá nhân, thành tích tập thể trong mùa 2023/2024 và đẳng cấp của cầu thủ. Lễ trao Quả bóngVàng 2024 sẽ diễn ra ngày 28/10/2024 tại nhà hát Chatelet ở Paris, Pháp.
Danh sách đề cử Quả Bóng Vàng nam 2024:Antonio Rudiger, Kylian Mbappe, Lautaro Martinez, Ademola Lookman, Alejandro Grimaldo, Dani Carvajal, William Saliba, Lamine Yamal, Bukayo Saka, Hakan Calhanoglu, Rodri, Declan Rice, Harry Kane, Cole Palmer, Vitinha, Vinicius Jr, Martin Odegaard, Dani Olmo, Florian Wirtz, Mats Hummels, Erling Haaland, Nico Williams, Granit Xhaka, Artem Dovbyk, Toni Kroos, Jude Bellingham, Phil Foden, Ruben Dias, Federico Valverde, Emiliano Martinez."
50,Thể thao,"Hôm nay 5/9, lượt trận đầu tiên vòng loại 3 World Cup 2026 khu vực châu Á sẽ diễn ra. Tham dự vòng loại này có tổng cộng 18 đội tuyển được chia làm 3 bảng, mỗi bảng 6 đội. Các đội nhất nhì mỗi bảng sẽ giành vé trực tiếp đến với VCK World Cup 2026. Các đội xếp hạng 3 và 4 ở mỗi bảng sẽ có cơ hội tham dự vòng đấu play-off để tranh 2 vé trực tiếp cuối cùng cũng như các suất đá play-off liên lục địa.
Ở lượt trận đầu tiên, đại diện của bóng đá Đông Nam Á là ĐT Indonesia sẽ phải làm khách của ĐT Saudi Arabia. Trận đấu sẽ diễn ra lúc 1h rạng sáng 6/9 theo giờ Việt Nam. Đây là trận đấu được đánh giá rất khó khăn với thầy trò HLV Shin Tae Yong và cơ hội để đội bóng này có điểm là không nhiều.
Để chuẩn bị cho trận đấu này, ĐT Indonesia đã triệu tập 26 cầu thủ, bao gồm những gương mặt nhập tịch đã quen thuộc với khán giả Việt Nam. Ngoài ra còn có sự bổ sung của Maarten Paes, thủ môn mới nhập tịch thành công cách đây chưa lâu.
Cũng theo lịch thi đấu lượt trận đầu tiên vòng loại 3 World Cup 2026 khu vực châu Á, 8 trận đấu khác cũng đồng loạt diễn ra giữa các ĐTQG. Đó là các trận: Nhật Bản vs Trung Quốc (17h10), Australia vs Bahrain (17h35), Hàn Quốc vs Palestine (18h), Uzbekistan vs Triều Tiên (21h), Iran vs Kyrgyzstan (23h), Qatar gặp UAE (23h), Iraq gặp Oman (23h) và Jordan so tài Kuwait (1h rạng sáng 6/9)."
